timestamp,y_true,y_pred
2016-04-28,-0.02571658045053482,0.0016893420834094286
2016-04-29,-0.0071694254875183105,0.0023879793006926775
2016-05-02,0.0077224974520504475,0.0008169031934812665
2016-05-03,-0.019648438319563866,0.0008768643019720912
2016-05-04,0.01887298747897148,0.0008737819734960794
2016-05-05,0.00491863489151001,0.0016770462971180677
2016-05-06,0.010943733155727386,0.0007268806220963597
2016-05-09,-0.006915436126291752,0.0008511460619047284
2016-05-10,0.010530236177146435,0.0008056742371991277
2016-05-11,0.01373925432562828,0.0007531894370913506
2016-05-12,0.003211765084415674,0.0009173824801109731
2016-05-13,0.0032309514936059713,0.0014487899607047439
2016-05-16,0.0036837824154645205,0.0011525950394570827
2016-05-17,-0.010599350556731224,0.0009834145894274116
2016-05-18,-0.0015809088945388794,0.0014557370450347662
2016-05-19,-0.0016438255552202463,0.0011440225644037127
2016-05-20,0.00510808639228344,0.0024940904695540667
2016-05-23,0.012874378822743893,0.0007242579595185816
2016-05-24,-0.013058523647487164,0.0020001577213406563
2016-05-25,-0.0012971879914402962,0.0014540549600496888
2016-05-26,0.018942363560199738,0.0013899041805416346
2016-05-27,-0.009090553037822247,0.0014962272252887487
2016-05-30,-0.010081598535180092,0.0021713527385145426
2016-05-31,0.0028265961445868015,0.0013962446246296167
2016-06-01,0.010916030965745449,0.0015653263544663787
2016-06-02,0.00042173254769295454,0.0023066303692758083
2016-06-03,0.01702110655605793,0.0017005938570946455
2016-06-06,0.011072367429733276,0.0018183398060500622
2016-06-07,0.010883714072406292,0.0015779470559209585
2016-06-08,0.007258989382535219,0.0012994629796594381
2016-06-09,0.029603449627757072,0.0023289527744054794
2016-06-10,-0.00230701663531363,0.0011364726815372705
2016-06-13,-0.0249642301350832,0.002066114218905568
2016-06-14,0.020489482209086418,0.00144943967461586
2016-06-15,-0.005488693248480558,0.002433312591165304
2016-06-16,0.001636943663470447,0.000306074449326843
2016-06-17,0.016776565462350845,0.0022840164601802826
2016-06-20,-0.01990879513323307,0.0006812682840973139
2016-06-21,-0.015491494908928871,0.001249745488166809
2016-06-22,-0.019896427169442177,0.0011241162428632379
2016-06-23,-0.009727398864924908,0.001123672816902399
2016-06-24,0.005816678516566753,0.00159800099208951
2016-06-27,0.006881923880428076,0.0018438482657074928
2016-06-28,0.003758505219593644,0.0004115636693313718
2016-06-29,-0.01752140000462532,0.0012572421692311764
2016-06-30,-0.028826789930462837,0.0009011188521981239
2016-07-01,0.0009625685634091496,0.0017085392028093338
2016-07-04,-0.005666041746735573,0.0016912719001993537
2016-07-05,0.006065494380891323,0.0010292979422956705
2016-07-06,0.009121562354266644,0.0003903675824403763
2016-07-07,0.002019456122070551,0.001063851173967123
2016-07-08,0.009854554198682308,0.0018525930354371667
2016-07-11,0.0031655696220695972,0.0011126432800665498
2016-07-12,0.006955965422093868,0.0008704780484549701
2016-07-13,-0.008600270375609398,0.0008101278799585998
2016-07-14,-0.0019851133693009615,0.002142174867913127
2016-07-15,0.002756923669949174,0.0010130838491022587
2016-07-18,0.010615465231239796,0.00120159809011966
2016-07-19,-0.004682894796133041,0.001668718527071178
2016-07-20,0.006843868177384138,0.00220306683331728
2016-07-21,-0.0030714762397110462,0.0011465747375041246
2016-07-22,-0.001203114283271134,0.0016701598651707172
2016-07-25,0.010728735476732254,0.0016870556864887476
2016-07-26,-0.02483242191374302,0.00034200327354483306
2016-07-27,-0.016056237742304802,0.0005811767769046128
2016-07-28,-0.018396003171801567,0.00040192814776673913
2016-07-29,-0.02912302128970623,0.0010968814603984356
2016-08-01,-0.008267550729215145,0.0009026723564602435
2016-08-02,0.009719757363200188,0.0011023429688066244
2016-08-03,-0.0033114240504801273,0.0002835286140907556
2016-08-04,0.0027696986217051744,0.000458798895124346
2016-08-05,0.014000628143548965,0.0013763962779194117
2016-08-08,0.01700505055487156,0.0013740133726969361
2016-08-09,-0.0005932783242315054,0.0006737090297974646
2016-08-10,0.017331356182694435,0.0008554604137316346
2016-08-11,0.0014384646201506257,0.0003500841266941279
2016-08-12,-0.01027244795113802,0.0005445679998956621
2016-08-15,-0.007210962940007448,0.0006807331810705364
2016-08-16,-0.018375229090452194,0.0007602692348882556
2016-08-17,-0.010911657474935055,0.0006779403774999082
2016-08-18,-0.004232808481901884,0.0004306184418965131
2016-08-19,0.010401997715234756,0.0003187225665897131
2016-08-22,0.021957440301775932,0.0008901648689061403
2016-08-23,-0.017136072739958763,0.0006477391580119729
2016-08-24,0.005226938519626856,0.0012816156959161162
2016-08-25,-0.012831843458116055,0.0011753664584830403
2016-08-26,0.00625839876011014,0.0006477274000644684
2016-08-29,-0.0013737587723881006,0.0004561454406939447
2016-08-30,-0.022789467126131058,0.0006594968726858497
2016-08-31,0.011973220854997635,0.00021269256831146777
2016-09-01,-0.007344514597207308,0.001631154795177281
2016-09-02,-0.006448733154684305,0.001372800674289465
2016-09-05,-0.013199836015701294,0.0012202137149870396
2016-09-06,-0.00796541664749384,0.0006297513609752059
2016-09-07,0.005668690428137779,0.0005084871663711965
2016-09-08,-0.0021064768079668283,0.0011976583627983928
2016-09-09,0.004418529570102692,0.00043718417873606086
2016-09-12,0.004837564658373594,0.0005985079915262759
2016-09-13,0.01691655069589615,0.0012860173592343926
2016-09-14,-0.004040921572595835,0.0009334620554000139
2016-09-15,-0.01832888089120388,0.000982322613708675
2016-09-16,0.013723516836762428,0.0006434893002733588
2016-09-19,-0.0038985805585980415,0.0004916752222925425
2016-09-20,0.014320322312414646,0.001086329109966755
2016-09-21,0.005107875447720289,0.0005619167350232601
2016-09-22,-0.0013743997551500797,0.0010259485570713878
2016-09-23,0.004671941045671701,0.0007744890754111111
2016-09-26,0.024858225136995316,0.0009459208231419325
2016-09-27,0.02644527330994606,0.0011907099978998303
2016-09-28,0.001151897944509983,0.0006300649838522077
2016-09-29,0.002295989543199539,0.0005965254385955632
2016-09-30,0.01383712887763977,0.0013068916741758585
2016-10-03,-0.010376549325883389,0.001443309593014419
2016-10-04,0.00447406992316246,0.0007980133523233235
2016-10-05,-4.806347715202719e-05,0.0003015757829416543
2016-10-06,0.004232649691402912,0.0006941885803826153
2016-10-07,-0.010221682488918304,0.0011489602038636804
2016-10-10,-0.01974889077246189,0.0007044016383588314
2016-10-11,-0.02583935856819153,0.001080309972167015
2016-10-12,-0.01379993837326765,0.000939910183660686
2016-10-13,-0.005500987637788057,0.000904977903701365
2016-10-14,-0.0034160891082137823,0.0006692451424896717
2016-10-17,0.024684596806764603,0.0008703349158167839
2016-10-18,0.014211984351277351,0.0009633859153836966
2016-10-19,-0.011843430809676647,0.001031958614476025
2016-10-20,0.004658492282032967,0.0007498783525079489
2016-10-21,-0.004850925877690315,-0.0006479151779785752
2016-10-24,-0.003304869867861271,-0.0013168702134862542
2016-10-25,0.0026126615703105927,-0.0013630639296025038
2016-10-26,0.008078600279986858,-0.001586075173690915
2016-10-27,-0.003996477462351322,-0.00126349413767457
2016-10-28,0.013681047596037388,-0.0012018533889204264
2016-10-31,-0.014109291136264801,-0.0011425333796069026
2016-11-01,0.0003576424496714026,-0.0009386320598423481
2016-11-02,0.03300539031624794,-0.0008077645907178521
2016-11-03,0.0030883182771503925,-0.0009555344004184008
2016-11-04,0.018334582448005676,-0.0013653357746079564
2016-11-07,0.001430823584087193,-0.00045628356747329235
2016-11-08,0.0075948815792799,-0.0005690747639164329
2016-11-09,-0.00043762323912233114,-0.0015166646335273981
2016-11-10,-0.001869155908934772,-0.0015055721160024405
2016-11-11,-0.009542777203023434,-0.0024059622082859278
2016-11-14,0.005699065513908863,-0.0015514169353991747
2016-11-15,-0.010450582019984722,-0.0010964912362396717
2016-11-16,0.008663363754749298,-0.0007376064313575625
2016-11-17,0.013951108790934086,-0.0007374688284471631
2016-11-18,0.004895639605820179,-0.0012572032865136862
2016-11-21,-0.0033286171965301037,-0.0010180594399571419
2016-11-22,0.005997206550091505,-0.0013413355918601155
2016-11-23,-0.0036111371591687202,-0.001351446146145463
2016-11-24,0.012064564041793346,-8.843065006658435e-05
2016-11-25,-0.022795770317316055,-0.0008254852145910263
2016-11-28,-0.0039504775777459145,-0.0007242626743391156
2016-11-29,-0.024804096668958664,-0.0005333914887160063
2016-11-30,-0.018558219075202942,-0.00012080208398401737
2016-12-01,0.01746082678437233,-0.00046919065061956644
2016-12-02,0.01155604887753725,-0.0011417340720072389
2016-12-05,-0.0087868208065629,-9.415490785613656e-05
2016-12-06,-0.018651986494660378,-0.0005242923507466912
2016-12-07,-0.037071775645017624,-0.00044944160617887974
2016-12-08,-0.0065696220844984055,-0.0002831662422977388
2016-12-09,0.030772140249609947,-0.0014491574838757515
2016-12-12,0.005756804719567299,-0.0007803579792380333
2016-12-13,-0.0067721703089773655,-0.0012654131278395653
2016-12-14,0.006137237884104252,-0.0008266752120107412
2016-12-15,-0.01938844844698906,0.0003044709446839988
2016-12-16,-0.00346814445219934,-6.380700506269932e-05
2016-12-19,0.0015310761518776417,-0.00010237051174044609
2016-12-20,-0.0008069884497672319,-0.0003580101765692234
2016-12-21,0.01024099811911583,-0.0009639204945415258
2016-12-22,0.004619899671524763,-0.0006544376956298947
2016-12-23,0.008697894401848316,-0.0005600664298981428
2016-12-26,-0.008394897915422916,-0.0016413712874054909
2016-12-27,0.011589189060032368,-0.0009413865627720952
2016-12-28,0.020800454542040825,-0.000926562468521297
2016-12-29,-0.011944957077503204,-0.001276474678888917
2016-12-30,-0.010906136594712734,-0.000291833421215415
2017-01-02,0.017107078805565834,-0.0011112025240436196
2017-01-03,-0.0021329298615455627,-0.0003032991080544889
2017-01-04,0.017964264377951622,-0.0014343287330120802
2017-01-05,-0.0052976482547819614,-0.002014473546296358
2017-01-06,0.018609628081321716,-0.0007983555551618338
2017-01-09,0.0019343433668836951,-0.002228132449090481
2017-01-10,0.003531155176460743,-0.0008206020575016737
2017-01-11,0.019991371780633926,-0.0008484604768455029
2017-01-12,-0.004280101973563433,-0.0012874951353296638
2017-01-13,-0.011579246260225773,-0.00019703310681506991
2017-01-16,-0.00537359993904829,-0.0005958630936220288
2017-01-17,0.005976649932563305,-0.00028133182786405087
2017-01-18,-0.019448932260274887,0.0004058027407154441
2017-01-19,0.008309156633913517,5.136698018759489e-05
2017-01-20,-0.006510102655738592,0.00034247187431901693
2017-01-23,0.014738857746124268,0.0010415170108899474
2017-01-24,-0.029887067154049873,0.001733619486913085
2017-01-25,-0.009632019326090813,0.0010067936964333057
2017-01-26,-0.020969724282622337,0.0013134722830727696
2017-01-27,-0.010131735354661942,0.0007059373892843723
2017-01-30,0.0033980747684836388,0.0012705371482297778
2017-01-31,-0.0019802653696388006,0.0011299987090751529
2017-02-01,-0.0029144794680178165,0.0008014033082872629
2017-02-02,-0.0017277630977332592,0.0006452235975302756
2017-02-03,0.002840228844434023,0.0011852288153022528
2017-02-06,-0.012428581714630127,0.0005820459336973727
2017-02-07,0.00918324664235115,0.0011618031421676278
2017-02-08,0.008626583963632584,0.0010045006638392806
2017-02-09,0.0051287999376654625,0.0006862125592306256
2017-02-10,0.007289439905434847,0.0018961334135383368
2017-02-13,0.0040122936479747295,0.0014592352090403438
2017-02-14,0.02591729164123535,0.0012843430740758777
2017-02-15,-0.0008195056580007076,0.0013451306149363518
2017-02-16,-0.003591107204556465,0.0006508135702461004
2017-02-17,-0.00921577773988247,0.0006942384643480182
2017-02-20,-0.012727509252727032,0.0014243907062336802
2017-02-21,-0.015401093289256096,-4.3064370402134955e-05
2017-02-22,-0.010920016095042229,0.0005901345866732299
2017-02-23,-0.000612711301073432,0.001626142067834735
2017-02-24,0.004489500541239977,0.0006507440120913088
2017-02-27,0.0009221071377396584,0.0012983246706426144
2017-02-28,-0.009367059916257858,0.0017692260444164276
2017-03-01,0.01161903701722622,0.0010424436768516898
2017-03-02,0.009593501687049866,0.0010147864231839776
2017-03-03,-0.0017336017917841673,0.0005911574116908014
2017-03-06,-0.0079481927677989,0.00031812977977097034
2017-03-07,0.007187319919466972,0.0009237652411684394
2017-03-08,0.0026460224762558937,0.0005578501150012016
2017-03-09,-0.01796691119670868,0.0008582381997257471
2017-03-10,-0.0005786929395981133,0.0012307263677939773
2017-03-13,0.0035791187547147274,0.001048822421580553
2017-03-14,-0.011057310737669468,0.0002473497879691422
2017-03-15,0.002669579815119505,0.0007824843050912023
2017-03-16,-0.018051262944936752,0.0008198823779821396
2017-03-17,0.017112139612436295,0.0018319087103009224
2017-03-20,0.016000470146536827,0.0007577704964205623
2017-03-21,-0.0029036416672170162,0.0009317309595644474
2017-03-22,0.004856871906667948,0.0005477269878610969
2017-03-23,-0.030084384605288506,0.0008480187971144915
2017-03-24,-0.014290832914412022,0.0014696806902065873
2017-03-27,-0.003423488698899746,0.001317670801654458
2017-03-28,-0.01322982832789421,0.0009218560298904777
2017-03-29,0.009278327226638794,0.0011815534671768546
2017-03-30,0.025441348552703857,0.0008169050561264157
2017-03-31,-0.014546174556016922,0.0007673903601244092
2017-04-03,-0.01027326937764883,0.0007555661723017693
2017-04-04,0.0032441483344882727,0.0003909004735760391
2017-04-05,0.020575933158397675,0.001290402957238257
2017-04-06,-0.015122691169381142,0.0004740912117995322
2017-04-07,0.003415337996557355,0.0012301772367209196
2017-04-10,0.023223986849188805,0.0014855802292004228
2017-04-11,-0.020532431080937386,0.0013092394219711423
2017-04-12,-0.015862178057432175,-1.5325756976380944e-05
2017-04-13,-0.0050591640174388885,0.000566927541512996
2017-04-14,-0.006281019654124975,0.0009746414143592119
2017-04-17,0.010515592060983181,0.00033009378239512444
2017-04-18,0.0033224041108042,-0.00755004957318306
2017-04-19,-0.022084642201662064,-0.0032898378558456898
2017-04-20,0.006771338637918234,-0.002795321401208639
2017-04-21,-0.0069985282607376575,-0.0005300226621329784
2017-04-24,0.016334302723407745,-0.0004155037458986044
2017-04-25,-0.0076290820725262165,-0.0016711005009710789
2017-04-26,-0.0077428207732737064,-0.0005305344238877296
2017-04-27,0.0070953951217234135,-0.0005768509581685066
2017-04-28,0.009889747947454453,-0.001733836717903614
2017-05-01,0.005923299118876457,-0.006004552356898785
2017-05-02,-0.020958751440048218,-0.0049905008636415005
2017-05-03,0.007056374568492174,-0.0005541499704122543
2017-05-04,-0.012753278948366642,-0.0013454575091600418
2017-05-05,0.003241978120058775,-0.0025834881234914064
2017-05-08,-0.017659589648246765,-0.0021727990824729204
2017-05-09,0.005900908261537552,-0.001984598580747843
2017-05-10,-0.009884413331747055,-0.0002853069454431534
2017-05-11,-0.015881899744272232,-0.0024813893251121044
2017-05-12,0.009271065704524517,-0.000912149902433157
2017-05-15,0.003322212491184473,-0.0010261633433401585
2017-05-16,-0.007457602769136429,-0.003409094177186489
2017-05-17,0.01856091246008873,-0.005074350629001856
2017-05-18,-0.005273920949548483,-0.0028623424004763365
2017-05-19,0.0006822964642196894,0.001474712509661913
2017-05-22,0.003665768774226308,0.0007438771426677704
2017-05-23,-0.007529279217123985,-0.00616756547242403
2017-05-24,0.006213536951690912,0.0012675565667450428
2017-05-25,-0.00644309027120471,-0.0014650810044258833
2017-05-26,-0.004908377770334482,-0.0038864961825311184
2017-05-29,0.017445461824536324,-0.0019156597554683685
2017-05-30,-0.012832374311983585,-0.005849461071193218
2017-05-31,-0.030120396986603737,-0.003119679167866707
2017-06-01,0.020573675632476807,-0.0020750947296619415
2017-06-02,0.03239629045128822,0.0012983372434973717
2017-06-05,-0.0048281350173056126,-0.00193422706797719
2017-06-06,-0.024124087765812874,8.68411734700203e-05
2017-06-07,-0.0036339526996016502,-0.0008806136902421713
2017-06-08,-0.0033282923977822065,0.0015889732167124748
2017-06-09,-0.0021150377579033375,-0.0003032307140529156
2017-06-12,-0.013749592937529087,-0.002294041682034731
2017-06-13,0.007579561788588762,-0.006681087426841259
2017-06-14,0.006885949522256851,-0.0005275127477943897
2017-06-15,-0.01854996383190155,0.0002078763209283352
2017-06-16,0.00908682867884636,-0.003983921837061644
2017-06-19,0.02613917738199234,-0.0046842885203659534
2017-06-20,0.0024442742578685284,-0.00229787384159863
2017-06-21,-0.003972119651734829,-0.0003113087732344866
2017-06-22,-0.0015112945111468434,0.000661652535200119
2017-06-23,0.00802928488701582,-0.00451442738994956
2017-06-26,-0.021526634693145752,0.0016470183618366718
2017-06-27,0.0023489058949053288,0.00020477082580327988
2017-06-28,-0.004641605541110039,0.0019585872069001198
2017-06-29,0.023558184504508972,-0.0024376213550567627
2017-06-30,-0.001916592358611524,-0.00337100587785244
2017-07-03,0.021291187033057213,0.0003596637398004532
2017-07-04,-0.01362804789096117,0.0010761688463389874
2017-07-05,0.007676547858864069,-0.002146907616406679
2017-07-06,0.004301842767745256,-0.0035640904679894447
2017-07-07,-0.010671188123524189,-9.538372978568077e-05
2017-07-10,0.002512758830562234,0.002313012722879648
2017-07-11,0.015554078854620457,-0.0037957653403282166
2017-07-12,-0.0038016142789274454,-0.002716358983889222
2017-07-13,-0.021038947626948357,0.0032196128740906715
2017-07-14,5.6506964028812945e-05,-0.004160456825047731
2017-07-17,-0.01109168492257595,-0.005661386530846357
2017-07-18,-0.004035312682390213,0.0019258633255958557
2017-07-19,-0.0007501314976252615,-0.001730260904878378
2017-07-20,-0.021211421117186546,0.002464352175593376
2017-07-21,-0.020077604800462723,0.0025677294470369816
2017-07-24,0.006351248826831579,-0.004294763784855604
2017-07-25,-0.006307858973741531,0.0013779224827885628
2017-07-26,-0.03203496336936951,-0.005679765250533819
2017-07-27,0.010165883228182793,0.0018752147443592548
2017-07-28,0.0037093141581863165,0.002247760072350502
2017-07-31,-0.008716199547052383,-0.002821128349751234
2017-08-01,-0.016312723979353905,0.006645288784056902
2017-08-02,0.010807967744767666,0.00948421098291874
2017-08-03,0.004679182078689337,-0.014545192942023277
2017-08-04,0.03029574453830719,-0.006300651002675295
2017-08-07,0.00557165639474988,0.006747685372829437
2017-08-08,0.005162378307431936,0.003688979195430875
2017-08-09,-0.0018253164598718286,0.008099664002656937
2017-08-10,0.010568186640739441,0.0031144083477556705
2017-08-11,0.00815311074256897,-0.004877003375440836
2017-08-14,0.01604803092777729,-0.008225684985518456
2017-08-15,-0.006290273740887642,0.005992609541863203
2017-08-16,-0.005207840818911791,-0.0022097467444837093
2017-08-17,-0.005758354905992746,-0.004401353653520346
2017-08-18,0.010240943171083927,-0.005660951603204012
2017-08-21,0.01915552094578743,0.0021594553254544735
2017-08-22,-0.005503069143742323,-0.000841751229017973
2017-08-23,-0.005073868203908205,-0.00869758427143097
2017-08-24,0.004234778694808483,0.004706853069365025
2017-08-25,-0.0028185260016471148,0.0069880299270153046
2017-08-28,0.012272526510059834,0.001277316827327013
2017-08-29,-0.028091950342059135,0.007994264364242554
2017-08-30,-0.010137726552784443,-0.012709124013781548
2017-08-31,-0.009579741396009922,-0.003843259532004595
2017-09-01,-0.028955960646271706,-0.005920575466006994
2017-09-04,-0.011862925253808498,-0.004391391295939684
2017-09-05,-0.011252105236053467,0.013360453769564629
2017-09-06,-0.002255902625620365,0.005606202874332666
2017-09-07,0.014299830421805382,-0.003339008893817663
2017-09-08,-0.0028096961323171854,-0.003192844334989786
2017-09-11,-0.012709254398941994,0.0024911342188715935
2017-09-12,-0.0004397819866426289,-0.0025603496469557285
2017-09-13,0.013496123254299164,0.0025683329440653324
2017-09-14,-0.012018147855997086,-0.003715038765221834
2017-09-15,-0.011194387450814247,0.0077421232126653194
2017-09-18,0.0073148333467543125,-0.009209619835019112
2017-09-19,-0.0025133148301392794,0.008938364684581757
2017-09-20,0.008435318246483803,-0.012897763401269913
2017-09-21,0.00010584435949567705,0.004974485374987125
2017-09-22,0.009117908775806427,-0.004200690891593695
2017-09-25,-0.012762980535626411,0.0028315680101513863
2017-09-26,0.00012552549014799297,-0.005532279144972563
2017-09-27,-0.0023766669910401106,0.009682885371148586
2017-09-28,-0.015041007660329342,-0.002855865750461817
2017-09-29,-0.019420193508267403,0.002015452366322279
2017-10-02,0.008917403407394886,-0.006527753081172705
2017-10-03,-0.004143806640058756,0.00034810882061719894
2017-10-04,-0.012601743452250957,-0.0034305457957088947
2017-10-05,-0.0009339629323221743,-0.0028682821430265903
2017-10-06,0.01448947936296463,0.003631001338362694
2017-10-09,-0.02845681831240654,0.01339059416204691
2017-10-10,-0.018578097224235535,-0.0031931425910443068
2017-10-11,-0.01134949829429388,-0.0010609631426632404
2017-10-12,0.018686901777982712,-0.00392175791785121
2017-10-13,0.0038380390033125877,-0.0021267321426421404
2017-10-16,0.009945066645741463,-0.004059248603880405
2017-10-17,-0.014086899347603321,-0.0009523159824311733
2017-10-18,-0.013827048242092133,-0.002957593882456422
2017-10-19,0.005919700488448143,-0.0036974758841097355
2017-10-20,0.0010119653306901455,-0.0031500777695327997
2017-10-23,0.007191237062215805,-0.0018105173949152231
2017-10-24,-0.0020866545382887125,-0.0022172231692820787
2017-10-25,0.003782059298828244,-0.0036078908015042543
2017-10-26,0.0022698910906910896,-0.003931562416255474
2017-10-27,0.010076725855469704,-0.0023357640020549297
2017-10-30,0.010445126332342625,-0.003319163341075182
2017-10-31,-0.020130690187215805,-0.0032918276265263557
2017-11-01,-0.02803514525294304,-0.0006994795985519886
2017-11-02,0.012898583896458149,-0.002031109295785427
2017-11-03,0.015241707675158978,-0.005838347133249044
2017-11-06,-0.012580863200128078,-0.00303349900059402
2017-11-07,-0.023153945803642273,-0.002286280505359173
2017-11-08,0.0015254992758855224,-0.002209912519901991
2017-11-09,0.012005236931145191,-0.0023039560765028
2017-11-10,0.02292533963918686,-0.004371452145278454
2017-11-13,0.0067825159057974815,-0.0032067219726741314
2017-11-14,-0.00440541235730052,-0.0044287219643592834
2017-11-15,-0.010974610224366188,-0.0018467342015355825
2017-11-16,0.0004220504779368639,-0.0028817420825362206
2017-11-17,-0.0034926030784845352,-0.0013710195198655128
2017-11-20,-0.012510876171290874,-0.0024699836503714323
2017-11-21,0.02608967199921608,-0.0025223372504115105
2017-11-22,0.022768786177039146,-0.0034011746756732464
2017-11-23,0.014590646140277386,-0.002600125502794981
2017-11-24,-0.011323846876621246,-0.003484810469672084
2017-11-27,0.011050009168684483,-0.002743347780779004
2017-11-28,0.00833631306886673,-0.002433719811961055
2017-11-29,0.005853328388184309,-0.0004524141550064087
2017-11-30,0.016022080555558205,-0.0015538684092462063
2017-12-01,0.00828270148485899,-0.0023663658648729324
2017-12-04,0.009601080790162086,-0.0028544815722852945
2017-12-05,0.00830204226076603,-0.0037066303193569183
2017-12-06,0.00457134610041976,-0.0034174874890595675
2017-12-07,-0.022193610668182373,-0.004107083659619093
2017-12-08,0.0013313043164089322,-0.0009487676434218884
2017-12-11,-0.006729582324624062,-0.002435538452118635
2017-12-12,-0.015846703201532364,-0.003912765998393297
2017-12-13,0.021466676145792007,-0.003630599472671747
2017-12-14,0.022061072289943695,-0.0043091257102787495
2017-12-15,0.017402347177267075,-0.0014731348492205143
2017-12-18,0.0034931646659970284,-0.004125569481402636
2017-12-19,0.017294054850935936,-0.0036910551134496927
2017-12-20,0.00042963356827385724,0.0005011935718357563
2017-12-21,0.0028327833861112595,-0.003950935788452625
2017-12-22,-0.013498666696250439,-0.0035647342447191477
2017-12-25,0.0052793980576097965,-0.003055261680856347
2017-12-26,0.0010385689092800021,-0.0023664638865739107
2017-12-27,-0.016134096309542656,6.0871709138154984e-05
2017-12-28,-0.00036724520032294095,-0.006129043642431498
2017-12-29,-0.000726720318198204,-0.0026727847289294004
2018-01-01,0.022924920544028282,-0.00038477685302495956
2018-01-02,0.01154380664229393,-5.3336843848228455e-06
2018-01-03,0.000421976757934317,-0.0033459726255387068
2018-01-04,0.0034122031647711992,-0.005652588792145252
2018-01-05,0.0008348014089278877,0.002619627397507429
2018-01-08,-0.002278698142617941,0.0026395111344754696
2018-01-09,-0.013359523378312588,0.00213320623151958
2018-01-10,-0.0016252970090135932,0.0021232995204627514
2018-01-11,-0.00912217702716589,0.00247357040643692
2018-01-12,-0.015474717132747173,0.0028092898428440094
2018-01-15,0.006718567106872797,0.0022880833130329847
2018-01-16,0.005207248963415623,0.0024103375617414713
2018-01-17,-0.022232621908187866,0.0029907026328146458
2018-01-18,-0.0012679033679887652,0.0020905034616589546
2018-01-19,0.012822436168789864,0.0023614189121872187
2018-01-22,0.013622742146253586,0.0018938204739242792
2018-01-23,0.013202107511460781,0.0020909388549625874
2018-01-24,0.0007680380949750543,0.002788121346384287
2018-01-25,-0.010368792340159416,0.002379658864811063
2018-01-26,-0.013375543989241123,0.001929867547005415
2018-01-29,0.00461939163506031,0.00236003496684134
2018-01-30,0.005056256894022226,0.0024031938519328833
2018-01-31,0.016496624797582626,0.00248316815122962
2018-02-01,0.014136218465864658,0.0021137080620974302
2018-02-02,-0.0013881466584280133,0.002424966311082244
2018-02-05,-0.015397743321955204,0.0018780219834297895
2018-02-06,-0.0037425875198096037,0.002642812207341194
2018-02-07,0.0030146336648613214,0.0021118000149726868
2018-02-08,-0.0022682317066937685,0.0023462693206965923
2018-02-09,-0.007003003731369972,0.0022089092526584864
2018-02-12,0.003463827073574066,0.0024095172993838787
2018-02-13,-0.006071493029594421,0.002096066251397133
2018-02-14,-0.00763511098921299,0.0025271414779126644
2018-02-15,0.004201714880764484,0.0025832313112914562
2018-02-16,-0.0047868527472019196,0.0023286796640604734
2018-02-19,0.0033532041124999523,0.0023388154804706573
2018-02-20,0.003719824831932783,0.002378202974796295
2018-02-21,-0.014077678322792053,0.0024303849786520004
2018-02-22,-0.005785290617495775,0.0023677884601056576
2018-02-23,0.018392063677310944,0.002446772763505578
2018-02-26,-0.014363047666847706,0.002090920927003026
2018-02-27,-0.026389561593532562,0.0026291925460100174
2018-02-28,-0.02317926660180092,0.002195395063608885
2018-03-01,0.0006445286562666297,0.0025497116148471832
2018-03-02,0.0006672988529317081,0.002468662802129984
2018-03-05,-0.0012039797147735953,0.002620657905936241
2018-03-06,0.01557513140141964,0.0025889957323670387
2018-03-07,-0.03339676931500435,0.00253676762804389
2018-03-08,0.005266075488179922,0.001994849881157279
2018-03-09,0.019950050860643387,0.0023485329002141953
2018-03-12,-0.013930924236774445,0.0021181381307542324
2018-03-13,-0.004507334437221289,0.002352129900828004
2018-03-14,-0.009207768365740776,0.002476378343999386
2018-03-15,-0.010989923030138016,0.002646415028721094
2018-03-16,-0.0038327372167259455,0.0023874931503087282
2018-03-19,0.018262401223182678,0.0023127207532525063
2018-03-20,0.02342667430639267,0.0022055122535675764
2018-03-21,-0.003954658750444651,0.0019256116356700659
2018-03-22,0.0242792796343565,0.0017381084617227316
2018-03-23,0.000725999241694808,0.0026168604381382465
2018-03-26,0.022372208535671234,0.002062213607132435
2018-03-27,-0.0008976747049018741,0.002711564302444458
2018-03-28,0.0019289511255919933,0.0024837772361934185
2018-03-29,0.004882323555648327,0.002774086780846119
2018-03-30,0.04032757133245468,0.002023630775511265
2018-04-02,0.011002968065440655,0.002600431442260742
2018-04-03,-0.008632917888462543,0.002206261968240142
2018-04-04,0.012486003339290619,-0.0004755296977236867
2018-04-05,-0.004280883818864822,0.0005235997959971428
2018-04-06,-0.005892494693398476,-0.0002094772644340992
2018-04-09,0.011725079268217087,0.0002235423307865858
2018-04-10,0.0006694193580187857,0.0005411021411418915
2018-04-11,0.0037875045090913773,-0.0004352523246780038
2018-04-12,0.0004539750225376338,7.739500142633915e-05
2018-04-13,0.004518326371908188,-7.848837412893772e-05
2018-04-16,0.005631844978779554,0.0002628874499350786
2018-04-17,-0.024125711992383003,0.0002143837045878172
2018-04-18,0.008675804361701012,-0.0001450427807867527
2018-04-19,-0.012094504199922085,-4.8785703256726265e-05
2018-04-20,-0.017893483862280846,-0.0005819537909701467
2018-04-23,-0.0004581347166094929,0.0005303188227117062
2018-04-24,0.001335838926024735,0.0014392570592463017
2018-04-25,-0.008459578268229961,0.0008960000704973936
2018-04-26,0.01074779499322176,0.001427230192348361
2018-04-27,-0.016632039099931717,0.0005876203067600727
2018-04-30,-0.004849231336265802,-0.000962371239438653
2018-05-01,-0.007090943865478039,0.00025545759126544
2018-05-02,-0.0003091666440013796,-0.0007204188732430339
2018-05-03,0.0037911375984549522,0.001279159914702177
2018-05-04,-0.012420480139553547,0.0011407574638724327
2018-05-07,0.009402881376445293,0.00036207097582519054
2018-05-08,0.0010715329553931952,-0.0011577956611290574
2018-05-09,-0.02355850487947464,-0.00013320078141987324
2018-05-10,-0.024398155510425568,-1.0429183021187782e-05
2018-05-11,0.00012256926856935024,-0.0003307795850560069
2018-05-14,-0.0025061487685889006,0.000727145466953516
2018-05-15,-0.0010251931380480528,0.0003897447604686022
2018-05-16,-7.476803875761107e-05,0.0004104862455278635
2018-05-17,0.003119564615190029,-0.00014912080951035023
2018-05-18,0.012217040173709393,-0.0013643321581184864
2018-05-21,-0.013720828108489513,-1.4761462807655334e-07
2018-05-22,-0.014487676322460175,0.00010355282574892044
2018-05-23,-0.013496807776391506,0.0001614508219063282
2018-05-24,0.003917785827070475,0.0010512401349842548
2018-05-25,0.015962639823555946,-3.932253457605839e-05
2018-05-28,-0.005156588274985552,-0.00025952444411814213
2018-05-29,-0.0312406774610281,0.0006783439312130213
2018-05-30,-0.021190514788031578,-3.730715252459049e-05
2018-05-31,-0.010217498056590557,0.0003152298741042614
2018-06-01,-0.006748945917934179,-9.419792331755161e-05
2018-06-04,-0.004867435432970524,0.0006599568296223879
2018-06-05,0.000763854244723916,-0.0005329500418156385
2018-06-06,-0.0036498568952083588,-0.000502954120747745
2018-06-07,0.013498214073479176,0.0005312361754477024
2018-06-08,-0.00823923945426941,0.00018118228763341904
2018-06-11,-0.010586407035589218,-1.9947532564401627e-05
2018-06-12,0.006311042234301567,0.000194276450201869
2018-06-13,-0.01906949281692505,0.0003186792600899935
2018-06-14,0.005187431816011667,-0.0006316554499790072
2018-06-15,0.0015698263887315989,-0.0002569712232798338
2018-06-18,-0.0015798229724168777,0.00012661213986575603
2018-06-19,0.020288174971938133,-6.721378304064274e-05
2018-06-20,-0.00756129901856184,-0.0006346614100039005
2018-06-21,0.026235094293951988,-0.00028821383602917194
2018-06-22,-0.002562391571700573,-8.19982960820198e-05
2018-06-25,-0.015811117365956306,0.00040890835225582123
2018-06-26,0.0011586816981434822,-0.00012575252912938595
2018-06-27,-0.013281636871397495,0.00018822122365236282
2018-06-28,-0.009193455800414085,0.0003874057438224554
2018-06-29,0.005279927048832178,-0.00011313613504171371
2018-07-02,0.007277454249560833,0.00035807385575026274
2018-07-03,-0.007560798432677984,-0.0013503904920071363
2018-07-04,0.012717912904918194,-0.0011128627229481936
2018-07-05,0.014861004427075386,-0.0031813704408705235
2018-07-06,0.018373478204011917,0.002891289070248604
2018-07-09,0.006947759538888931,-0.0005779608618468046
2018-07-10,0.017455365508794785,-0.0032345177605748177
2018-07-11,-0.023418055847287178,-0.004029728006571531
2018-07-12,-0.0037274681963026524,0.0012915442930534482
2018-07-13,-0.010645461268723011,-0.005060296505689621
2018-07-16,0.0017798824701458216,-0.0007178768282756209
2018-07-17,-0.006921805441379547,-0.0029503265395760536
2018-07-18,-0.00181561429053545,0.0012928787618875504
2018-07-19,0.023990951478481293,-0.004658766556531191
2018-07-20,-0.001860490650869906,-0.004200022201985121
2018-07-23,0.005491070915013552,0.0017069065943360329
2018-07-24,-0.002648540772497654,-0.0016527133993804455
2018-07-25,0.0012316755019128323,-0.004901183769106865
2018-07-26,0.00035358083550818264,-0.005425292067229748
2018-07-27,0.005926129873842001,-0.004436257760971785
2018-07-30,0.014959272928535938,-0.00228059571236372
2018-07-31,0.021032990887761116,-0.005493797827512026
2018-08-01,0.0041786241345107555,-0.005954831372946501
2018-08-02,0.007705370429903269,-0.006222886499017477
2018-08-03,-0.014221752062439919,-0.0003162240609526634
2018-08-06,-0.0008293651044368744,-0.004081864841282368
2018-08-07,0.012124311178922653,-0.0014394782483577728
2018-08-08,0.011187956668436527,-0.0038071274757385254
2018-08-09,0.0029438098426908255,-0.0038533429615199566
2018-08-10,0.01144529227167368,-0.0035360492765903473
2018-08-13,0.0064608571119606495,-0.0026317518204450607
2018-08-14,0.015400215052068233,-0.0014054097700864077
2018-08-15,0.003923360258340836,-0.00481729581952095
2018-08-16,-0.004203599877655506,-0.003313876688480377
2018-08-17,0.004508980084210634,-0.0034930198453366756
2018-08-20,-0.03664424270391464,-0.00046884105540812016
2018-08-21,0.005101684480905533,-0.003372036386281252
2018-08-22,-0.045687902718782425,0.0007219327962957323
2018-08-23,-0.021435819566249847,-0.0005313243018463254
2018-08-24,0.005969527177512646,-0.0009693509200587869
2018-08-27,0.006294081918895245,0.0007136164349503815
2018-08-28,-0.014367448166012764,0.0008673536358401179
2018-08-29,-0.008693864569067955,1.2060103472322226e-05
2018-08-30,0.017544971778988838,-0.00015219883061945438
2018-08-31,-0.005820428486913443,-0.0014740468468517065
2018-09-03,0.028535917401313782,-0.0003376939566805959
2018-09-04,0.00025358991115354,-0.0007898207986727357
2018-09-05,0.005418550223112106,-0.002397749340161681
2018-09-06,0.02064848132431507,-0.0013245877344161272
2018-09-07,0.0019285642774775624,-0.00356491282582283
2018-09-10,-0.012350569479167461,-0.0023960371036082506
2018-09-11,-0.0011046581203117967,-0.00395255908370018
2018-09-12,-0.0001708753261482343,-0.004149357322603464
2018-09-13,-0.01691635139286518,0.00023735821014270186
2018-09-14,-0.0029454033356159925,-0.0027536207344383
2018-09-17,-0.009072964079678059,-0.0052396561950445175
2018-09-18,0.011923590674996376,-0.0009581828489899635
2018-09-19,0.0007138464134186506,-0.0030770301818847656
2018-09-20,-0.0032851137220859528,-0.0032300720922648907
2018-09-21,-0.001059988746419549,-0.004265677183866501
2018-09-24,0.0030888509936630726,-0.003941853530704975
2018-09-25,0.008048905991017818,-0.0037174546159803867
2018-09-26,-0.012317412532866001,-0.008440302684903145
2018-09-27,-0.01284499280154705,0.0018093823455274105
2018-09-28,0.014195427298545837,0.0011874637566506863
2018-10-01,-0.004917178303003311,0.0009890657383948565
2018-10-02,-0.017572754994034767,0.0016989450668916106
2018-10-03,0.005869292188435793,0.000549800752196461
2018-10-04,0.006115688476711512,0.002085578627884388
2018-10-05,-0.019007422029972076,0.0004941329825669527
2018-10-08,0.0031689757015556097,0.0010985094122588634
2018-10-09,0.009545253589749336,0.0012696863850578666
2018-10-10,0.004994603805243969,0.0013421995099633932
2018-10-11,0.008239995688199997,0.001149302115663886
2018-10-12,-0.01741435006260872,0.0013281707651913166
2018-10-15,0.0044484916143119335,0.0016490595880895853
2018-10-16,-0.0035348727833479643,0.0013481739442795515
2018-10-17,-0.005804806482046843,0.001305963727645576
2018-10-18,0.011245747096836567,0.0016763261519372463
2018-10-19,0.018914883956313133,0.001298598013818264
2018-10-22,0.022884715348482132,0.0010763383470475674
2018-10-23,0.01684279926121235,0.0010358435101807117
2018-10-24,-0.0011047429870814085,0.0014902735128998756
2018-10-25,0.004721634089946747,0.0009347700397484004
2018-10-26,0.009938837960362434,0.0013536575715988874
2018-10-29,0.0018044764874503016,0.0016069065313786268
2018-10-30,0.001925251679494977,0.001005212077870965
2018-10-31,0.010656091384589672,0.0013763993047177792
2018-11-01,-0.00046911335084587336,0.000865412293933332
2018-11-02,-0.008910373784601688,0.0018081966554746032
2018-11-05,-0.0049440921284258366,0.000726842787116766
2018-11-06,0.008264297619462013,0.0012921642046421766
2018-11-07,0.0003154897131025791,0.0014972115168347955
2018-11-08,0.004564020782709122,0.0010239908006042242
2018-11-09,0.008719982579350471,0.0011603692546486855
2018-11-12,-0.004444780759513378,0.0010573940817266703
2018-11-13,0.009805609472095966,0.0013675750233232975
2018-11-14,0.005050745792686939,0.0006953519769012928
2018-11-15,-0.015279404819011688,0.001265479251742363
2018-11-16,0.01844911091029644,0.0009698193171061575
2018-11-19,-0.00603101309388876,0.0011165558826178312
2018-11-20,-0.02057446353137493,0.0010391660034656525
2018-11-21,-0.012888534925878048,0.0013340741861611605
2018-11-22,-0.012586181983351707,0.0014782857615500689
2018-11-23,0.0009350997861474752,0.0007941085495986044
2018-11-26,-0.0031724143773317337,0.0015700203366577625
2018-11-27,-0.003965906333178282,0.001294098561629653
2018-11-28,0.008085289038717747,0.001298857619985938
2018-11-29,0.004559804685413837,0.0012409319169819355
2018-11-30,0.004259606823325157,0.0014064065180718899
2018-12-03,0.005441131070256233,0.0011995132081210613
2018-12-04,0.008040345273911953,0.0011538328835740685
2018-12-05,-0.026279937475919724,0.0011736524756997824
2018-12-06,-0.004313712473958731,0.0011695034336298704
2018-12-07,-0.02719028666615486,0.0012154344003647566
2018-12-10,0.0007320901495404541,0.0009875033283606172
2018-12-11,0.00021940781152807176,0.001302731572650373
2018-12-12,0.013450246304273605,0.0008353532757610083
2018-12-13,0.015240564942359924,0.0011631639208644629
2018-12-14,0.002832503290846944,0.0011627795174717903
2018-12-17,-0.006026179064065218,0.0010254548396915197
2018-12-18,0.0063902330584824085,0.0013552620075643063
2018-12-19,-0.006373359356075525,0.0008354861638508737
2018-12-20,0.00026023201644420624,0.0015749920858070254
2018-12-21,0.012701927684247494,0.0006371308700181544
2018-12-24,-0.006749480497092009,0.0014065946452319622
2018-12-25,0.010428374633193016,0.0012833327054977417
2018-12-26,0.008812232874333858,0.0007889620028436184
2018-12-27,-0.011751468293368816,0.0006937525467947125
2018-12-28,0.01254769042134285,0.0003079609014093876
2018-12-31,0.009078886359930038,0.001223442843183875
2019-01-01,0.0015619233017787337,0.0006800309056416154
2019-01-02,-0.00932659488171339,0.0004754216643050313
2019-01-03,-0.010547200217843056,0.0008495375514030457
2019-01-04,-0.006496133748441935,0.0008125945460051298
2019-01-07,0.0071138255298137665,0.0013915521558374166
2019-01-08,-0.011761968024075031,0.0006678130012005568
2019-01-09,0.005789914168417454,0.0014288786333054304
2019-01-10,-0.015366870909929276,0.000794518506154418
2019-01-11,-0.0022932447027415037,0.0014133721124380827
2019-01-14,0.001659209607169032,0.00037289748433977365
2019-01-15,0.031083522364497185,0.0009916458511725068
2019-01-16,-0.017074767500162125,0.0005117804976180196
2019-01-17,0.018823418766260147,0.0012701223604381084
2019-01-18,0.0021656148601323366,0.0005697350716218352
2019-01-21,0.005458056926727295,0.0004185322904959321
2019-01-22,0.0017688213847577572,0.0003436796832829714
2019-01-23,0.005880808923393488,0.00020312191918492317
2019-01-24,-0.0016584725817665458,0.0006471590604633093
2019-01-25,0.018597088754177094,0.0006851840298622847
2019-01-28,-0.00547321792691946,0.0010078487684950233
2019-01-29,0.01454259268939495,0.0004566818242892623
2019-01-30,-0.00784048531204462,0.0012518668081611395
2019-01-31,-0.0004813241248484701,0.0001630266197025776
2019-02-01,-0.013227680698037148,0.0008249076781794429
2019-02-04,0.006010537967085838,0.0004699024138972163
2019-02-05,0.018484653905034065,0.0004708662163466215
2019-02-06,-0.0006968184607103467,0.0002583881141617894
2019-02-07,-0.0022027487866580486,-0.0002752325963228941
2019-02-08,-0.01376507617533207,0.0005082173738628626
2019-02-11,-0.0026110380422323942,0.00013971468433737755
2019-02-12,-0.019789543002843857,0.00126079679466784
2019-02-13,-0.011223403736948967,0.00027671619318425655
2019-02-14,0.0031350133940577507,0.0011653588153421879
2019-02-15,0.016895782202482224,0.0007468331605195999
2019-02-18,0.035670507699251175,0.0008055499056354165
2019-02-19,-0.007112499792128801,0.00010352348908782005
2019-02-20,0.018360860645771027,0.00025723304133862257
2019-02-21,0.0033487703185528517,0.0004923620726913214
2019-02-22,-0.0016277635004371405,0.0008062078850343823
2019-02-25,0.0057279556058347225,0.001124421483837068
2019-02-26,0.0010578521760180593,0.0004442647332325578
2019-02-27,0.0016686331946402788,0.00026114843785762787
2019-02-28,-0.004866736475378275,-0.00022610975429415703
2019-03-01,-0.01733674854040146,0.0015131467953324318
2019-03-04,-0.019170071929693222,0.000107630155980587
2019-03-05,0.008507889695465565,0.0008371575968340039
2019-03-06,-0.003208315698429942,0.0002964325249195099
2019-03-07,-0.007232236675918102,0.0010128769790753722
2019-03-08,0.0003849386121146381,0.0005252029513940215
2019-03-11,0.010292982682585716,0.0007660939591005445
2019-03-12,0.00255014980211854,0.00036040716804564
2019-03-13,-0.007987737655639648,0.001246840925887227
2019-03-14,0.015727616846561432,0.0009849469643086195
2019-03-15,0.02017364464700222,0.0010900844354182482
2019-03-18,0.006508606020361185,0.0006138382013887167
2019-03-19,0.01254478469491005,-4.436355084180832e-06
2019-03-20,0.015925003215670586,3.929482772946358e-06
2019-03-21,0.014515690505504608,0.0004997898358851671
2019-03-22,0.008014700375497341,0.004404290579259396
2019-03-25,0.007816242054104805,-0.0006848758202977479
2019-03-26,0.006824885495007038,-0.0003582931822165847
2019-03-27,-0.013547377660870552,0.002187457401305437
2019-03-28,0.009106059558689594,0.00033541169250383973
2019-03-29,-0.01680387184023857,0.004560727160423994
2019-04-01,-0.009733234532177448,0.002692099194973707
2019-04-02,0.01670115441083908,-0.0014488677261397243
2019-04-03,0.010863556526601315,0.0019004994537681341
2019-04-04,0.019017234444618225,0.0032741203904151917
2019-04-05,-0.003144997637718916,0.002420699456706643
2019-04-08,-0.014239192940294743,0.002382936654612422
2019-04-09,-0.002751446096226573,0.004380238242447376
2019-04-10,0.0015632512513548136,-0.0017303518252447248
2019-04-11,0.0012729420559480786,0.0032910830341279507
2019-04-12,0.01456080935895443,-0.0016155928606167436
2019-04-15,-0.004273801576346159,0.002600128995254636
2019-04-16,0.004712995141744614,0.005816386081278324
2019-04-17,-0.012177753262221813,0.001462893676944077
2019-04-18,0.005951242055743933,0.0013021298218518496
2019-04-19,0.0003169418196193874,0.0014848513528704643
2019-04-22,-0.00916898250579834,0.00205143797211349
2019-04-23,-0.002693392802029848,0.0009043121244758368
2019-04-24,-0.002042618580162525,0.0032543581910431385
2019-04-25,-0.003125856863334775,-0.00019311800133436918
2019-04-26,0.022594580426812172,7.109838770702481e-05
2019-04-29,-0.00096252525690943,0.004345396067947149
2019-04-30,-0.002795024309307337,-0.0013896101154386997
2019-05-01,-0.026147620752453804,0.0027250961866229773
2019-05-02,-0.010988175868988037,0.0028080539777874947
2019-05-03,-0.0030366359278559685,0.0008090829942375422
2019-05-06,-0.008363153785467148,0.0022888488601893187
2019-05-07,0.017685657367110252,0.0020322457421571016
2019-05-08,-0.0018002428114414215,0.00031886663055047393
2019-05-09,0.016510648652911186,0.0020004394464194775
2019-05-10,0.0010551831219345331,0.0031692322809249163
2019-05-13,0.0007468044059351087,0.0023265420459210873
2019-05-14,-0.0008409523288719356,0.0016660646069794893
2019-05-15,0.00032560605905018747,0.004540581256151199
2019-05-16,0.021932559087872505,-0.0015119086019694805
2019-05-17,-0.028946571052074432,0.004991483874619007
2019-05-20,-0.02493932843208313,0.004065931309014559
2019-05-21,-0.006565531250089407,-0.001448218710720539
2019-05-22,0.00046081189066171646,0.00658239284530282
2019-05-23,0.008972276002168655,0.003084976691752672
2019-05-24,0.006238116417080164,-0.0005403855466283858
2019-05-27,-0.0045632654801011086,0.005375665612518787
2019-05-28,0.013116521760821342,-0.0006506482022814453
2019-05-29,0.013257020153105259,0.0001902806106954813
2019-05-30,0.0025966884568333626,0.004062945954501629
2019-05-31,0.012406122870743275,-0.0009246448753401637
2019-06-03,0.0037127851974219084,-0.0004960725200362504
2019-06-04,-0.006796243600547314,0.005482613109052181
2019-06-05,0.009069443680346012,-0.002135165734216571
2019-06-06,0.0016713720979169011,0.0013361877063289285
2019-06-07,0.00029465826810337603,0.0028554245363920927
2019-06-10,0.018835248425602913,-0.0029069893062114716
2019-06-11,-0.030600309371948242,0.0038454593159258366
2019-06-12,-0.017583364620804787,0.00394776975736022
2019-06-13,-0.014677903614938259,0.0038257790729403496
2019-06-14,-0.004298876039683819,0.005046993028372526
2019-06-17,-0.0029299836605787277,0.0010121467057615519
2019-06-18,-0.018712740391492844,0.003417558502405882
2019-06-19,-0.012134047225117683,-0.002430365886539221
2019-06-20,-0.010567807592451572,0.000877107959240675
2019-06-21,0.031238410621881485,-0.00023921066895127296
2019-06-24,0.022977592423558235,-0.003083874238654971
2019-06-25,-0.004909777082502842,0.0014794385060667992
2019-06-26,-0.004302941262722015,0.0016267811879515648
2019-06-27,-0.014200831763446331,-0.0007998975925147533
2019-06-28,-0.023762404918670654,0.0013853572309017181
2019-07-01,-0.0011947741732001305,-0.001797760371118784
2019-07-02,-0.012293975800275803,-0.0019899215549230576
2019-07-03,-0.0007912384462542832,-0.00026561273261904716
2019-07-04,-0.019882921129465103,-0.0011980412527918816
2019-07-05,-0.00932219810783863,0.0011481521651148796
2019-07-08,0.002150303218513727,0.0019044671207666397
2019-07-09,0.0048915850929915905,-0.0018414785154163837
2019-07-10,0.005537430290132761,-0.0006276266649365425
2019-07-11,-0.016358818858861923,-0.000510290265083313
2019-07-12,0.011045806109905243,-0.00012932531535625458
2019-07-15,-0.009803942404687405,-0.0002077859826385975
2019-07-16,0.008251038379967213,-0.00021759094670414925
2019-07-17,0.00014374304737430066,-0.000860447995364666
2019-07-18,-0.017063075676560402,0.00014710938557982445
2019-07-19,-0.0037059388123452663,-0.0002149534411728382
2019-07-22,0.004880928434431553,-0.0005009379237890244
2019-07-23,0.008000415749847889,-0.0010368619114160538
2019-07-24,-0.0014985027955844998,0.00030978256836533546
2019-07-25,0.019576378166675568,-0.0027185776270926
2019-07-26,0.012971220538020134,-0.0026249317452311516
2019-07-29,-0.002955760108307004,0.0002172384411096573
2019-07-30,0.00972842425107956,-0.0010663578286767006
2019-07-31,0.024641284719109535,-0.0006080903112888336
2019-08-01,0.024977562949061394,-0.0024123908951878548
2019-08-02,-0.015193566679954529,-0.0018687578849494457
2019-08-05,-0.011395442299544811,0.0012537762522697449
2019-08-06,0.018985996022820473,-0.0006628469564020634
2019-08-07,-0.01305531058460474,-0.0022261207923293114
2019-08-08,-0.016384674236178398,-0.0011439616791903973
2019-08-09,-0.0058476924896240234,-0.0011629299260675907
2019-08-12,0.005572136491537094,-8.81468877196312e-05
2019-08-13,-0.0010122994426637888,-0.0017222976312041283
2019-08-14,-0.007918553426861763,-0.002044671680778265
2019-08-15,-0.008216501213610172,3.7200283259153366e-05
2019-08-16,-0.008696825243532658,-0.0016379570588469505
2019-08-19,-0.010803001932799816,-4.781316965818405e-05
2019-08-20,0.02902364917099476,0.0012209322303533554
2019-08-21,0.004026065114885569,-0.0006879949942231178
2019-08-22,0.011449892073869705,-0.0006429087370634079
2019-08-23,-0.0058840191923081875,-0.002384825609624386
2019-08-26,-0.002065056236460805,-0.0014827707782387733
2019-08-27,-0.008712157607078552,-0.002607567235827446
2019-08-28,-0.03313060849905014,-0.0007409579120576382
2019-08-29,-0.017083507031202316,0.0004903087392449379
2019-08-30,-0.022533873096108437,-0.00417918898165226
2019-09-02,-0.028066834434866905,-0.0008943155407905579
2019-09-03,-0.014782330021262169,-0.0017035380005836487
2019-09-04,0.016970649361610413,-0.0007578609511256218
2019-09-05,-0.00028206530259922147,-0.0020651821978390217
2019-09-06,0.01653735339641571,-0.0026669432409107685
2019-09-09,0.005455671343952417,-0.0004851268604397774
2019-09-10,0.01013709232211113,-0.0013263984583318233
2019-09-11,-0.011072457768023014,-0.0008485014550387859
2019-09-12,0.0068789394572377205,0.00025971652939915657
2019-09-13,0.009458714164793491,-0.002115705981850624
2019-09-16,-0.006987295113503933,-0.0014782629441469908
2019-09-17,0.007327323779463768,-0.0016137128695845604
2019-09-18,0.007411072961986065,-0.0017143726581707597
2019-09-19,-0.006645934656262398,-0.0016984730027616024
2019-09-20,-0.013867774978280067,-0.0016976450569927692
2019-09-23,-0.014640836976468563,-0.0014612289378419518
2019-09-24,0.0013676451053470373,-0.0009381186682730913
2019-09-25,0.004397714976221323,-0.0013230644399300218
2019-09-26,-0.009707109071314335,-0.0013702661963179708
2019-09-27,0.0006127216038294137,-0.0014285112265497446
2019-09-30,0.0074658687226474285,-0.0009447894990444183
2019-10-01,0.008066249080002308,-0.0011644928017631173
2019-10-02,0.019829628989100456,-0.0010330920340493321
2019-10-03,0.016366224735975266,-0.0014552029315382242
2019-10-04,-0.012337308377027512,-0.0017003162065520883
2019-10-07,0.021488970145583153,-0.0013735834509134293
2019-10-08,-0.006411897484213114,-0.0015426259487867355
2019-10-09,0.01344193797558546,-0.0013918743934482336
2019-10-10,0.0011343287769705057,-0.0018674691673368216
2019-10-11,-0.004914816468954086,-0.0016448779497295618
2019-10-14,-0.022497061640024185,-0.0012841710122302175
2019-10-15,-0.001883731922134757,-0.0014746419619768858
2019-10-16,-0.019368603825569153,-0.0012562896590679884
2019-10-17,0.01246460247784853,-0.0016093216836452484
2019-10-18,0.019387569278478622,-0.0009891261579468846
2019-10-21,-0.009762356989085674,-0.0013471399433910847
2019-10-22,0.004082251340150833,-0.0010842750780284405
2019-10-23,-0.008861296810209751,-0.0012920515146106482
2019-10-24,-0.007640385534614325,-0.0013794205151498318
2019-10-25,0.010035493411123753,-0.0016431276453658938
2019-10-28,-0.00020775868324562907,-0.001509420108050108
2019-10-29,0.022195283323526382,-0.001288937171921134
2019-10-30,-0.005797780584543943,-0.0018797999946400523
2019-10-31,0.01286823209375143,-0.0011622108286246657
2019-11-01,0.0015050714137032628,-0.0013807073701173067
2019-11-04,0.010303637944161892,-0.001203838619403541
2019-11-05,-0.005355879198759794,-0.001593512948602438
2019-11-06,-0.00034660488017834723,-0.0011264607310295105
2019-11-07,-0.0011773713631555438,-0.0009517961880192161
2019-11-08,-0.010255551896989346,-0.0013658127281814814
2019-11-11,0.008619220927357674,-0.00125363958068192
2019-11-12,0.008470145054161549,-0.0015320321545004845
2019-11-13,0.007755863945931196,-0.0015178679022938013
2019-11-14,0.019641725346446037,-0.0014219079166650772
2019-11-15,0.01853780634701252,-0.0011850119335576892
2019-11-18,-0.004446081351488829,-0.0009795664809644222
2019-11-19,0.004977795295417309,-0.00139680877327919
2019-11-20,-0.007578852586448193,-0.0008674227865412831
2019-11-21,0.0005720271146856248,-0.0014615014661103487
2019-11-22,-0.007278354838490486,-0.0017141138669103384
2019-11-25,0.020688744261860847,-0.001783364568836987
2019-11-26,0.004859943874180317,-0.0012663748348131776
2019-11-27,-0.002469131024554372,-0.0012040762230753899
2019-11-28,0.015315958298742771,-0.0009208574192598462
2019-11-29,-0.02706940658390522,-0.0011115774977952242
2019-12-02,-0.025097530335187912,-0.0011052013142034411
2019-12-03,0.010304402559995651,-0.0008945126319304109
2019-12-04,0.0010396086145192385,-0.001389140379615128
2019-12-05,0.0034331046044826508,-0.0011639066506177187
2019-12-06,-0.016433242708444595,-0.00180067028850317
2019-12-09,-1.4939464563212823e-05,-0.0015164748765528202
2019-12-10,0.02551962435245514,-0.0010152844479307532
2019-12-11,0.01066171657294035,-0.001185085391625762
2019-12-12,0.002415879163891077,0.0021546022035181522
2019-12-13,-0.0052537815645337105,0.001067418954335153
2019-12-16,-0.00469337310642004,0.0012252372689545155
2019-12-17,-0.026547593995928764,0.0023746269289404154
2019-12-18,0.0035237420815974474,0.0018845342565327883
2019-12-19,0.010929863899946213,0.0015031059738248587
2019-12-20,-0.019573159515857697,0.001148311304859817
2019-12-23,-0.008055292069911957,0.001040787436068058
2019-12-24,-0.014304906129837036,0.002630803268402815
2019-12-25,-0.011884503997862339,0.0008397474302910268
2019-12-26,0.0009515829151496291,0.0020892180036753416
2019-12-27,-0.02598322182893753,0.001665979390963912
2019-12-30,0.008016858249902725,0.0016055835876613855
2019-12-31,0.009775458835065365,0.0028259893879294395
2020-01-01,-0.002885817550122738,0.0017905012937262654
2020-01-02,-0.03097621165215969,0.0018073244718834758
2020-01-03,-0.012275916524231434,0.001604175427928567
2020-01-06,0.015810882672667503,0.001238590688444674
2020-01-07,-0.03472166135907173,0.0004986113053746521
2020-01-08,-0.004100605845451355,0.001490074209868908
2020-01-09,-0.014588834717869759,0.000946703483350575
2020-01-10,0.010414410382509232,0.0012486435007303953
2020-01-13,-0.008227858692407608,0.0012653456069529057
2020-01-14,0.005367120262235403,0.00018408475443720818
2020-01-15,0.007401909213513136,0.002565561095252633
2020-01-16,0.023412048816680908,0.0015449000056833029
2020-01-17,-0.002279050415381789,0.0016003320924937725
2020-01-20,0.005015491507947445,0.0014598798006772995
2020-01-21,-0.018432162702083588,0.000875679892487824
2020-01-22,0.015275578945875168,0.001416258979588747
2020-01-23,-0.00930373277515173,0.001705100410617888
2020-01-24,-0.006787060759961605,0.0008312860736623406
2020-01-27,-2.5180906959576532e-06,0.002370257396250963
2020-01-28,-0.01941271498799324,0.0008660356397740543
2020-01-29,0.0031600091606378555,0.0016284134471789002
2020-01-30,0.01246670726686716,0.0014997664839029312
2020-01-31,0.003968397155404091,0.0023364003282040358
2020-02-03,-0.019740449264645576,0.0018698201747611165
2020-02-04,-0.0012820727424696088,0.002361928578466177
2020-02-05,0.009626463055610657,0.0012322780676186085
2020-02-06,-0.023382656276226044,0.0013637817464768887
2020-02-07,-0.01326300110667944,0.0009157427120953798
2020-02-10,0.011321188881993294,-4.330242518335581e-06
2020-02-11,0.0036806603893637657,0.0019550779834389687
2020-02-12,0.005468131974339485,0.0014715094584971666
2020-02-13,0.02370521053671837,0.0027632666751742363
2020-02-14,0.006180987693369389,0.00238557206466794
2020-02-17,0.008566387929022312,0.0016141921514645219
2020-02-18,0.03442995995283127,0.0024993899278342724
2020-02-19,-0.0024159064050763845,0.0029568118043243885
2020-02-20,-0.00977460015565157,0.003514761570841074
2020-02-21,0.005667505785822868,0.0016934591112658381
2020-02-24,0.005808544810861349,0.0026792315766215324
2020-02-25,-0.006358212325721979,0.00058668915880844
2020-02-26,-0.012729202397167683,0.0031361947767436504
2020-02-27,0.02937908284366131,0.0016513096634298563
2020-02-28,0.004395618569105864,0.002802494913339615
2020-03-02,-0.008948151022195816,0.002122733276337385
2020-03-03,0.011817415244877338,0.0011291743721812963
2020-03-04,-0.0010973218595609069,0.0021319128572940826
2020-03-05,-0.0029082288965582848,0.0011757358442991972
2020-03-06,0.007361750118434429,0.0023147568572312593
2020-03-09,-0.01599840819835663,-0.00033682992216199636
2020-03-10,0.004720462951809168,-0.002116986084729433
2020-03-11,0.024378743022680283,-0.002224423224106431
2020-03-12,0.006151064299046993,0.0007524529937654734
2020-03-13,-0.004462049342691898,-0.0007278840057551861
2020-03-16,-0.006111148279160261,-0.0008959457045421004
2020-03-17,-0.004892020020633936,-0.001324550132267177
2020-03-18,-0.0029218511190265417,-0.0021224813535809517
2020-03-19,-0.00448213703930378,-0.0006104705389589071
2020-03-20,0.011822217144072056,-0.0024468309711664915
2020-03-23,-0.021558605134487152,-0.0010762211168184876
2020-03-24,0.01113795768469572,-0.0017207699129357934
2020-03-25,-0.004505822900682688,-0.003196398727595806
2020-03-26,0.005026873666793108,0.0006606858223676682
2020-03-27,-0.013920934870839119,-0.0026208788622170687
2020-03-30,0.017016956582665443,-0.001473167329095304
2020-03-31,0.01597130298614502,-0.0011730274418368936
2020-04-01,0.012367482297122478,-0.0023282370530068874
2020-04-02,-0.0188063383102417,-0.0011807774426415563
2020-04-03,0.010723721235990524,-0.002894349629059434
2020-04-06,0.0053784726187586784,-0.0007130822632461786
2020-04-07,-0.019946739077568054,-0.0009115110151469707
2020-04-08,-2.834048427757807e-05,-0.0020857674535363913
2020-04-09,0.0048704808577895164,-0.0015013987431302667
2020-04-10,0.00728366756811738,-0.002144148573279381
2020-04-13,0.00251106102950871,-0.0011814646422863007
2020-04-14,0.003946948796510696,-0.0005964746233075857
2020-04-15,0.01884353533387184,-0.0016731397481635213
2020-04-16,0.01572435349225998,-0.0005656285211443901
2020-04-17,-0.03584371879696846,-0.0005476661026477814
2020-04-20,-0.0037215719930827618,-0.0008073579519987106
2020-04-21,-0.001796630211174488,-0.0006922469474375248
2020-04-22,-0.021796589717268944,-0.001684927730821073
2020-04-23,0.0014643727336078882,-0.001957091037184
2020-04-24,0.016010647639632225,-0.0013259162660688162
2020-04-27,-0.0134116904810071,-0.001933399704284966
2020-04-28,0.004516031127423048,-0.0012649297714233398
2020-04-29,-0.011260513216257095,-0.0012683185050264
2020-04-30,-0.008187518455088139,-0.0018711325246840715
2020-05-01,0.018891187384724617,-0.001206606044434011
2020-05-04,-0.006557808257639408,-0.0014604994794353843
2020-05-05,0.006101107690483332,0.0003415870014578104
2020-05-06,-0.023297354578971863,-0.0008357197511941195
2020-05-07,0.023740774020552635,-0.002171992789953947
2020-05-08,0.007870485074818134,-0.0024890522472560406
2020-05-11,-0.0020215041004121304,-0.002216372638940811
2020-05-12,0.007528982125222683,-0.0020075938664376736
2020-05-13,-0.017484277486801147,-0.0011307337554171681
2020-05-14,0.015176264569163322,-0.0022996424231678247
2020-05-15,-0.0038040466606616974,-0.001947953598573804
2020-05-18,-0.0022932563442736864,-0.0022777749691158533
2020-05-19,-0.0059165009297430515,-0.0008909793104976416
2020-05-20,-0.00703774206340313,-0.002433652523905039
2020-05-21,0.009029804728925228,-0.0015339169185608625
2020-05-22,0.003501900937408209,0.0014517083764076233
2020-05-25,0.00848903227597475,-0.0034657823853194714
2020-05-26,0.0001669751072768122,-0.0010844339849427342
2020-05-27,0.006743487436324358,-0.0025278902612626553
2020-05-28,-0.004999220371246338,-0.001969563774764538
2020-05-29,0.028369758278131485,-0.0005553341470658779
2020-06-01,-0.019476288929581642,-0.001884246477857232
2020-06-02,0.01616409420967102,-0.0014102259883657098
2020-06-03,0.017511792480945587,-0.0014425277477130294
2020-06-04,-0.010458414442837238,-0.002106031868606806
2020-06-05,0.028363985940814018,0.0021197721362113953
2020-06-08,0.012819776311516762,0.0029184757731854916
2020-06-09,0.012512979097664356,0.0007231734925881028
2020-06-10,0.0006308241281658411,0.000613563577644527
2020-06-11,-0.002459014533087611,0.0005378543864935637
2020-06-12,-0.0023605255410075188,0.000652207643724978
2020-06-15,0.005198000930249691,0.0008433781331405044
2020-06-16,0.01793106459081173,-0.0002617710269987583
2020-06-17,0.0025621221866458654,0.001502655097283423
2020-06-18,-0.011205332353711128,0.000550732365809381
2020-06-19,0.010664582252502441,0.0006144052604213357
2020-06-22,0.011883186176419258,0.002397477626800537
2020-06-23,0.008525712415575981,0.0009065248304978013
2020-06-24,0.009670181199908257,0.0013002181658521295
2020-06-25,-0.0031355959363281727,0.003398874308913946
2020-06-26,-0.01142638549208641,0.00113184645306319
2020-06-29,-0.01066043134778738,0.0005228574154898524
2020-06-30,-0.020327122882008553,0.00045475480146706104
2020-07-01,0.0032630497589707375,7.111323066055775e-05
2020-07-02,-0.0007735780673101544,0.0020385547541081905
2020-07-03,-0.005265546031296253,0.002347804605960846
2020-07-06,-0.03695951774716377,0.00032278813887387514
2020-07-07,-0.015436945483088493,0.0003174968296661973
2020-07-08,0.01439904235303402,0.0014888191362842917
2020-07-09,-0.008095722645521164,0.0009650700958445668
2020-07-10,0.004820805974304676,0.0009844297310337424
2020-07-13,-0.017243212088942528,-0.0009646395919844508
2020-07-14,0.018403762951493263,0.0007045868551358581
2020-07-15,-0.0015368001768365502,0.0024450132623314857
2020-07-16,0.003931943327188492,0.0007968234131112695
2020-07-17,0.029579848051071167,0.0011412239400669932
2020-07-20,0.019383126869797707,0.000991902663372457
2020-07-21,-0.0035845860838890076,0.00040994014125317335
2020-07-22,-0.007196093909442425,0.002096530981361866
2020-07-23,-0.0038237038534134626,-0.0001985530834645033
2020-07-24,0.006701891776174307,0.00030524213798344135
2020-07-27,-0.001047921716235578,0.0019725956954061985
2020-07-28,-0.004701830446720123,0.0010973437456414104
2020-07-29,0.01876252330839634,0.0011193255195394158
2020-07-30,-0.00116113165859133,0.0009226776892319322
2020-07-31,0.029249876737594604,0.0003555815201252699
2020-08-03,0.0014210266526788473,0.0007826482178643346
2020-08-04,0.022770674899220467,-1.3862038031220436e-05
2020-08-05,0.00477957958355546,0.0020655193366110325
2020-08-06,0.012409940361976624,0.0023682210594415665
2020-08-07,-0.008851462975144386,0.00023646082263439894
2020-08-10,-0.010478577576577663,0.0023638675920665264
2020-08-11,0.00606952840462327,0.0017587022157385945
2020-08-12,0.012732378207147121,0.0019309829222038388
2020-08-13,0.0007849620305933058,0.0013803326291963458
2020-08-14,-0.01592925563454628,-0.00046159204794093966
2020-08-17,-0.016859866678714752,0.0012533586705103517
2020-08-18,-0.01770245097577572,0.001735247322358191
2020-08-19,-0.021992167457938194,0.0008662278996780515
2020-08-20,0.0016571636078879237,0.0005829049041494727
2020-08-21,0.014451999217271805,0.0007582168327644467
2020-08-24,0.00010875474981730804,0.0016573829343542457
2020-08-25,-0.028200771659612656,0.0013289399212226272
2020-08-26,-0.002125578233972192,0.0017532923957332969
2020-08-27,-0.00177329673897475,0.0018203911604359746
2020-08-28,0.026684880256652832,0.00030264805536717176
2020-08-31,-0.01808043383061886,0.0005011237226426601
2020-09-01,-0.004644297529011965,0.0011243604822084308
2020-09-02,0.021769501268863678,0.0025667380541563034
2020-09-03,0.005946971941739321,8.79481085576117e-05
2020-09-04,0.007374855224043131,0.002649009693413973
2020-09-07,0.0017214060062542558,0.0013987445272505283
2020-09-08,0.004434675443917513,-0.000443736877059564
2020-09-09,0.010074736550450325,-0.0008075310615822673
2020-09-10,-0.009920790791511536,0.00022753799566999078
2020-09-11,0.011340276338160038,0.003070723032578826
2020-09-14,-0.017020434141159058,0.00018056208500638604
2020-09-15,0.004414825234562159,0.0013201178517192602
2020-09-16,0.0025297021493315697,0.0004989604349248111
2020-09-17,-0.0074867852963507175,0.0015329865273088217
2020-09-18,-8.029826858546585e-06,0.00036159862065687776
2020-09-21,-0.007565490901470184,-0.0007392089464701712
2020-09-22,-0.013224389404058456,0.0014156890101730824
2020-09-23,-0.004177349153906107,0.0011191086377948523
2020-09-24,-0.01363117154687643,0.0013949808198958635
2020-09-25,0.00434464355930686,0.002447935286909342
2020-09-28,-0.01421193778514862,0.0011625802144408226
2020-09-29,0.00924784503877163,-0.0018074421677738428
2020-09-30,-0.014607459306716919,-0.0008972110226750374
2020-10-01,-0.006856867577880621,0.003955208230763674
2020-10-02,-0.007591485511511564,0.0009335189242847264
2020-10-05,0.016973057761788368,0.00028639606898650527
2020-10-06,0.004439040087163448,-0.0012461354490369558
2020-10-07,-0.002389817498624325,2.1789339371025562e-05
2020-10-08,0.006561052054166794,-0.0016883816570043564
2020-10-09,-0.026270350441336632,-0.0011210895609110594
2020-10-12,-0.00026565438020043075,0.00030067673651501536
2020-10-13,0.025444090366363525,-0.0014767860993742943
2020-10-14,0.0019451869884505868,0.00033382856054231524
2020-10-15,0.0011334032751619816,0.000919353507924825
2020-10-16,0.00718354620039463,0.0010071734432131052
2020-10-19,0.01156134344637394,0.0008434736519120634
2020-10-20,-0.0248879361897707,-0.000584192166570574
2020-10-21,-0.02091754414141178,0.0013969128485769033
2020-10-22,0.0029271990060806274,0.000377856835257262
2020-10-23,-0.008728819899260998,0.003861855249851942
2020-10-26,0.016807742416858673,0.001546821789816022
2020-10-27,-0.0036930462811142206,0.0004923100932501256
2020-10-28,-0.024095019325613976,0.0014286621008068323
2020-10-29,-0.015697695314884186,-0.0008172569214366376
2020-10-30,-0.03436488285660744,0.0014596518594771624
2020-11-02,-0.002671926748007536,0.0030409679748117924
2020-11-03,-0.0020956392399966717,0.0007909878040663898
2020-11-04,-0.00506994966417551,0.0016219106037169695
2020-11-05,0.013870376162230968,0.004165641497820616
2020-11-06,0.015377708710730076,0.0007443905924446881
2020-11-09,-0.0018689145799726248,-0.000342576444381848
2020-11-10,-0.026616834104061127,-0.0021076262928545475
2020-11-11,0.008054794743657112,-0.0014439295046031475
2020-11-12,0.007274658884853125,0.0009486012277193367
2020-11-13,0.004175744950771332,0.0008582496666349471
2020-11-16,0.012643259949982166,-0.0013795365812256932
2020-11-17,-0.014397677034139633,-0.0004856353916693479
2020-11-18,0.0255857165902853,0.0017576655372977257
2020-11-19,-0.011809876188635826,0.0032924404367804527
2020-11-20,0.009717099368572235,0.0018042230512946844
2020-11-23,-0.020980805158615112,-0.0006325052818283439
2020-11-24,-0.0114424554631114,-0.00042713407310657203
2020-11-25,0.019382227212190628,-0.001726370071992278
2020-11-26,-0.0030092510860413313,-0.001822698162868619
2020-11-27,0.010859807953238487,-0.0016995968762785196
2020-11-30,0.0032631349749863148,0.008887077681720257
2020-12-01,-0.0010445707011967897,-0.004878618288785219
2020-12-02,0.017460675910115242,-0.0026460732333362103
2020-12-03,-0.0027038431726396084,-0.0019442867487668991
2020-12-04,-0.022157413884997368,0.005885086953639984
2020-12-07,-0.009842095896601677,-0.007332342676818371
2020-12-08,0.007222140673547983,0.004342343658208847
2020-12-09,0.0052607241086661816,0.004954571835696697
2020-12-10,-0.01946530118584633,0.0023707058280706406
2020-12-11,-0.008848080411553383,0.004190906882286072
2020-12-14,-0.007051222492009401,-0.0014779064804315567
2020-12-15,-0.004326706286519766,0.0043013738468289375
2020-12-16,-0.017057104036211967,0.0076474836096167564
2020-12-17,-0.007638954091817141,-0.004784696269780397
2020-12-18,-0.008901851251721382,-0.003629146609455347
2020-12-21,0.009998182766139507,-0.0021480536088347435
2020-12-22,0.010471748188138008,0.0025610849261283875
2020-12-23,-0.001559261349029839,-0.0006086444482207298
2020-12-24,-0.0046614594757556915,0.00010359380394220352
2020-12-25,0.0020406583789736032,0.005495754070580006
2020-12-28,-0.010010101832449436,-0.004139716271311045
2020-12-29,-0.014170948415994644,0.0033322125673294067
2020-12-30,-0.011567896232008934,0.0011889906600117683
2020-12-31,-0.007720116525888443,0.0014427118003368378
2021-01-01,-0.014380614273250103,-0.0011490387842059135
2021-01-04,0.002319536404684186,0.006300006993114948
2021-01-05,0.009471330791711807,-0.00016038492321968079
2021-01-06,-0.019717780873179436,-0.001347266137599945
2021-01-07,0.0005943697760812938,0.001884540542960167
2021-01-08,-0.0024931528605520725,0.0010538501664996147
2021-01-11,0.004580382723361254,0.003975823521614075
2021-01-12,0.00011476462532300502,-0.0013439776375889778
2021-01-13,-0.018035851418972015,0.0012457743287086487
2021-01-14,-0.015626832842826843,0.0011066999286413193
2021-01-15,0.0006484799669124186,0.000525432638823986
2021-01-18,0.013239199295639992,0.0008512623608112335
2021-01-19,-0.02761836163699627,-0.006809484213590622
2021-01-20,0.004633523058146238,-0.007948951795697212
2021-01-21,0.015265606343746185,-0.003838780801743269
2021-01-22,-0.001650167047046125,0.0016254633665084839
2021-01-25,0.007209677714854479,0.0011249855160713196
2021-01-26,-0.008580059744417667,-0.003631193656474352
2021-01-27,-0.0012260950170457363,0.0005885148420929909
2021-01-28,-0.020143812522292137,-0.0009980015456676483
2021-01-29,-0.02925817109644413,0.00011338479816913605
2021-02-01,0.012155510485172272,-0.004478901159018278
2021-02-02,-0.012131991796195507,-0.0011537102982401848
2021-02-03,-0.0054613337852060795,0.0004146760329604149
2021-02-04,-0.01718975231051445,-0.0039853285998106
2021-02-05,-0.017486169934272766,-0.00535934092476964
2021-02-08,-0.001912371371872723,0.0037669744342565536
2021-02-09,-0.008914031088352203,0.0035614436492323875
2021-02-10,0.005039764568209648,0.004396965727210045
2021-02-11,0.005979225970804691,0.006237720139324665
2021-02-12,0.004320103209465742,-0.002589229494333267
2021-02-15,0.0032838652841746807,0.0004959516227245331
2021-02-16,0.020155789330601692,0.0038254670798778534
2021-02-17,-0.013172639533877373,-0.0007848497480154037
2021-02-18,-0.0004143364785704762,-0.0012442795559763908
2021-02-19,0.014548327773809433,-0.006322632078081369
2021-02-22,0.01620948128402233,0.0017886003479361534
2021-02-23,-0.017634760588407516,-0.003747117705643177
2021-02-24,-0.0036575309932231903,-0.005999882239848375
2021-02-25,0.017388494685292244,-0.005304844118654728
2021-02-26,0.0066789728589355946,-0.0034741205163300037
2021-03-01,0.0027378606610000134,-0.0024714553728699684
2021-03-02,-0.002464791527017951,-0.0033111802767962217
2021-03-03,-0.004557659383863211,-0.004423024598509073
2021-03-04,0.003908996470272541,-0.001447297167032957
2021-03-05,-0.0029018372297286987,-0.004730872344225645
2021-03-08,-0.00025866241776384413,-0.0038111619651317596
2021-03-09,0.0012680283980444074,-0.0024034790694713593
2021-03-10,-0.008265120908617973,-0.004939005710184574
2021-03-11,0.006981977727264166,-0.004501927178353071
2021-03-12,0.036993809044361115,-0.0047975825145840645
2021-03-15,-0.022110149264335632,-0.0026713472325354815
2021-03-16,0.004359951708465815,-0.003641288261860609
2021-03-17,-0.009299716912209988,-0.005279469769448042
2021-03-18,0.007552366703748703,-0.003304639831185341
2021-03-19,0.0008643468027003109,-0.0015469575300812721
2021-03-22,0.009876245632767677,-0.004259380511939526
2021-03-23,0.01508776843547821,-0.005196903832256794
2021-03-24,0.0027020559646189213,-0.0035675265826284885
2021-03-25,0.014540296047925949,-0.0030427181627601385
2021-03-26,-0.029257599264383316,-0.005054830573499203
2021-03-29,0.020315593108534813,-0.004301218315958977
2021-03-30,0.005003116559237242,-0.0029702861793339252
2021-03-31,0.013857327401638031,-0.004803589545190334
2021-04-01,-0.015091211535036564,-0.0027433671057224274
2021-04-02,-0.010188939049839973,-0.003249810542911291
2021-04-05,0.0021164275240153074,-0.004085575696080923
2021-04-06,6.312054756563157e-05,-0.003828539978712797
2021-04-07,0.0038441068027168512,-0.0024452744983136654
2021-04-08,0.013941384851932526,-0.005461919121444225
2021-04-09,-0.021961906924843788,-0.004287651740014553
2021-04-12,0.012546745128929615,-0.0036627850495278835
2021-04-13,0.00038212002255022526,-0.0011812606826424599
2021-04-14,-0.002289632335305214,-0.0035173422656953335
2021-04-15,-0.01825653202831745,-0.004117543809115887
2021-04-16,0.006615595426410437,-0.002348437439650297
2021-04-19,-0.03013712167739868,-0.003381922608241439
2021-04-20,0.008446774445474148,-0.004472198896110058
2021-04-21,-0.018520988523960114,-0.003406740492209792
2021-04-22,0.0009512841934338212,-0.002225481905043125
2021-04-23,-0.0012236085021868348,-0.0043961601331830025
2021-04-26,0.015012573450803757,-0.004404970444738865
2021-04-27,-0.0019730657804757357,-0.005671793594956398
2021-04-28,-0.008467545732855797,-0.0017031021416187286
2021-04-29,-0.0061048162169754505,-0.0035684676840901375
2021-04-30,0.016314594075083733,-0.006209618877619505
2021-05-03,0.007034484297037125,-0.0036116980481892824
2021-05-04,-0.0045807030983269215,-0.0045849927701056
2021-05-05,-0.002701167017221451,-0.003343869000673294
2021-05-06,-0.01946679688990116,-0.004627851769328117
2021-05-07,0.005172092467546463,-0.002463950775563717
2021-05-10,-0.0218938160687685,-0.00405634380877018
2021-05-11,0.009749523364007473,-0.004222394898533821
2021-05-12,0.001898257527500391,-0.003817454446107149
2021-05-13,0.030350543558597565,-0.003696882165968418
2021-05-14,-0.013582627288997173,-0.0033166841603815556
2021-05-17,-0.0010156430071219802,-0.003283391473814845
2021-05-18,0.022934073582291603,-0.0038972573820501566
2021-05-19,0.01528787612915039,-0.005259361583739519
2021-05-20,-0.008493669331073761,-0.002411484718322754
2021-05-21,0.0030995020642876625,-0.0019873036071658134
2021-05-24,0.0003029672952834517,-0.001904189120978117
2021-05-25,0.003830087836831808,0.0004654941149055958
2021-05-26,-0.008524768054485321,0.0027206195518374443
2021-05-27,-0.0008475535432808101,0.0017647291533648968
2021-05-28,-0.019855789840221405,0.0009313023183494806
2021-05-31,0.0019801731687039137,0.000882643973454833
2021-06-01,0.005947505123913288,0.0018636889290064573
2021-06-02,-0.0025874373968690634,0.0033945590257644653
2021-06-03,-0.020069951191544533,-0.0002038516104221344
2021-06-04,0.012732109054923058,0.0015744345728307962
2021-06-07,0.004870361648499966,0.0019142229575663805
2021-06-08,-0.008869152516126633,-0.002051415853202343
2021-06-09,-0.003257455537095666,0.002906995825469494
2021-06-10,-0.018628880381584167,0.0022623685654252768
2021-06-11,-0.012641175650060177,0.0033740841317921877
2021-06-14,-0.0064980085007846355,0.0014294597785919905
2021-06-15,0.015754425898194313,0.0023854023311287165
2021-06-16,-0.007779207546263933,0.0011501999106258154
2021-06-17,0.008343711495399475,0.001208702800795436
2021-06-18,-0.006504368968307972,0.0020514142233878374
2021-06-21,0.0034016233403235674,0.002103199250996113
2021-06-22,-0.0015036381082609296,0.0014725255314260721
2021-06-23,0.011277257464826107,0.0013143580872565508
2021-06-24,-0.006460211705416441,0.00146640301682055
2021-06-25,-0.019534215331077576,0.0008994545787572861
2021-06-28,-0.017133142799139023,0.0017610730137676
2021-06-29,-0.0064232489094138145,0.0005921607371419668
2021-06-30,-0.01545889861881733,-0.0004103565588593483
2021-07-01,0.005445963237434626,-0.00030113616958260536
2021-07-02,-0.005590349435806274,0.0009061135351657867
2021-07-05,0.03019500896334648,0.001132667763158679
2021-07-06,-0.021615367382764816,0.0013736921828240156
2021-07-07,0.0028433147817850113,0.0003304528072476387
2021-07-08,-0.013933094218373299,-0.001470130868256092
2021-07-09,-0.005938494578003883,0.00035447487607598305
2021-07-12,0.0020594957750290632,0.0005088108591735363
2021-07-13,-0.029019147157669067,0.0009022466838359833
2021-07-14,0.003261506324633956,0.0010603328701108694
2021-07-15,0.024252157658338547,0.002275374485179782
2021-07-16,-0.0054350076243281364,0.0010430014226585627
2021-07-19,0.003551049157977104,0.001957547152414918
2021-07-20,0.013190577737987041,0.0034706122241914272
2021-07-21,-0.0017878421349450946,0.00329292519018054
2021-07-22,-0.007041632663458586,0.0019775324035435915
2021-07-23,-0.028393805027008057,0.0017403492238372564
2021-07-26,0.008353501558303833,-0.00035375216975808144
2021-07-27,-0.0011480101384222507,0.0015332128386944532
2021-07-28,-0.012480839155614376,0.0035408989060670137
2021-07-29,0.0018727463902905583,0.002085641724988818
2021-07-30,-0.007075903471559286,0.002163640921935439
2021-08-02,-0.006379765924066305,0.0019908288959413767
2021-08-03,0.007916328497231007,-0.0004892121069133282
2021-08-04,-0.016584254801273346,-0.00034817447885870934
2021-08-05,0.01347270980477333,0.0015131623949855566
2021-08-06,-0.017331412062048912,0.002412159228697419
2021-08-09,-0.008071474730968475,0.0027405715081840754
2021-08-10,0.02450462244451046,0.000979104544967413
2021-08-11,0.014481112360954285,-0.0007329662330448627
2021-08-12,0.0015074724797159433,-0.0019652405753731728
2021-08-13,-0.011571789160370827,0.0023630012292414904
2021-08-16,-0.006390426307916641,0.0034721815027296543
2021-08-17,0.0012009600177407265,0.002447579987347126
2021-08-18,0.0007505260873585939,-0.00027381302788853645
2021-08-19,-0.0008670883253216743,0.0016683985013514757
2021-08-20,-0.00011067538434872404,-0.00839996337890625
2021-08-23,-0.002423094818368554,-0.004047933034598827
2021-08-24,-0.017889447510242462,-0.0014126766473054886
2021-08-25,-0.006229646038264036,0.0003227987326681614
2021-08-26,0.011800957843661308,-0.005279163829982281
2021-08-27,-0.016961613669991493,-0.002217942848801613
2021-08-30,-0.002110397210344672,-0.0005148760974407196
2021-08-31,-0.010050150565803051,-0.0026760464534163475
2021-09-01,0.0016806613421067595,0.0002461443655192852
2021-09-02,-0.0046185399405658245,-0.005021955817937851
2021-09-03,0.018891189247369766,-0.00584968738257885
2021-09-06,0.006660125683993101,-0.002658137120306492
2021-09-07,-0.016249388456344604,0.002062999177724123
2021-09-08,0.00873445626348257,-0.0066848862916231155
2021-09-09,-0.009481918066740036,-0.0011440832167863846
2021-09-10,-0.0069916932843625546,-0.002413468435406685
2021-09-13,0.004231525585055351,-0.0013539325445890427
2021-09-14,-0.005917657166719437,-0.004060137085616589
2021-09-15,0.011526703834533691,-0.005283732898533344
2021-09-16,-0.009480131790041924,-0.00046949833631515503
2021-09-17,-0.0075202155858278275,-0.004410614259541035
2021-09-20,-0.007991718128323555,-0.0023603131994605064
2021-09-21,-0.006848600693047047,-0.0011549321934580803
2021-09-22,0.014126289635896683,-0.0015029450878500938
2021-09-23,0.008199866861104965,0.004337264224886894
2021-09-24,0.021821046248078346,-0.0002723010256886482
2021-09-27,0.028847409412264824,-0.0017710113897919655
2021-09-28,-0.012708036229014397,0.0003003813326358795
2021-09-29,0.00116497534327209,-0.00479312427341938
2021-09-30,-0.014540953561663628,-0.0020815981552004814
2021-10-01,-0.009519136510789394,-0.0062962863594293594
2021-10-04,-0.007660515606403351,0.004360871389508247
2021-10-05,-0.013041121885180473,-0.005364185199141502
2021-10-06,-0.012974755838513374,0.001849460881203413
2021-10-07,-0.001540034543722868,-0.001123872585594654
2021-10-08,-0.015051433816552162,-0.0007230080664157867
2021-10-11,0.01088757999241352,0.0014151493087410927
2021-10-12,-0.011284830048680305,0.0019189761951565742
2021-10-13,0.03567501902580261,-0.00414673238992691
2021-10-14,-0.00540913175791502,-0.006359227932989597
2021-10-15,0.0011851147282868624,-0.005794021300971508
2021-10-18,-0.016041986644268036,0.00060607073828578
2021-10-19,0.021772513166069984,-0.0034692445769906044
2021-10-20,0.014382160268723965,-0.00013640988618135452
2021-10-21,0.004018566105514765,0.0006067799404263496
2021-10-22,-0.016690339893102646,-0.0028716763481497765
2021-10-25,0.0029319310560822487,-0.002742060460150242
2021-10-26,-0.013850925490260124,-0.006414791569113731
2021-10-27,0.018701722845435143,-0.0020075710490345955
2021-10-28,0.010472672991454601,-0.002034776844084263
2021-10-29,0.0014801966026425362,0.0004751039668917656
2021-11-01,-0.03041766956448555,-0.0006687762215733528
2021-11-02,-0.01211209874600172,-0.005711464211344719
2021-11-03,0.00894275400787592,-0.0037369253113865852
2021-11-04,0.015558675862848759,0.001627268735319376
2021-11-05,0.014252004213631153,-0.011629883199930191
2021-11-08,-0.01977970078587532,-0.0002277866005897522
2021-11-09,0.004076979588717222,-0.007348660379648209
2021-11-10,0.013072066940367222,-0.005668545141816139
2021-11-11,-0.020615287125110626,-0.005453350953757763
2021-11-12,0.00017819023923948407,-0.001867375336587429
2021-11-15,0.0037278677336871624,-0.005043556913733482
2021-11-16,-0.003511499846354127,-0.005832936614751816
2021-11-17,-0.02305726893246174,-0.0013189987512305379
2021-11-18,-0.0038256326224654913,0.001402189489454031
2021-11-19,-0.0038458830676972866,-0.0015368040185421705
2021-11-22,-0.0015877591213211417,-0.001743985223583877
2021-11-23,-0.006821294780820608,-0.00033065234310925007
2021-11-24,-0.005303650628775358,-4.9446942284703255e-05
2021-11-25,-0.00022247435117606074,-0.000645702937617898
2021-11-26,0.005852181930094957,0.00021745730191469193
2021-11-29,-0.0035576389636844397,-0.00041561806574463844
2021-11-30,-0.004883313551545143,-0.0009618704207241535
2021-12-01,0.001441329251974821,0.00034466665238142014
2021-12-02,-0.023923488333821297,-0.0016020009061321616
2021-12-03,0.006287855561822653,-0.0011749046389013529
2021-12-06,0.00027068343479186296,0.0002502633724361658
2021-12-07,0.0007778691942803562,-0.00029227836057543755
2021-12-08,0.012381892651319504,-0.0006517935544252396
2021-12-09,-0.024325385689735413,0.0003876385744661093
2021-12-10,-0.02459019236266613,-0.0003927724901586771
2021-12-13,0.0037273820489645004,-0.0011849668808281422
2021-12-14,0.00018811383051797748,-0.001063991105183959
2021-12-15,0.0024218056350946426,-0.0011051633628085256
2021-12-16,-0.005544476211071014,-1.1711381375789642e-06
2021-12-17,0.00864784698933363,-6.606546230614185e-05
2021-12-20,0.01202792301774025,-0.0004305075854063034
2021-12-21,0.006375381723046303,-0.0018542981706559658
2021-12-22,-0.00300835189409554,-0.00041664554737508297
2021-12-23,-0.026276612654328346,-0.0011169331846758723
2021-12-24,0.009969242848455906,-0.001803133636713028
2021-12-27,0.015670111402869225,-0.0007277147378772497
2021-12-28,0.008398450911045074,0.00039263744838535786
2021-12-29,-0.0108046755194664,0.000865542097017169
2021-12-30,0.008766788989305496,-0.0010171274188905954
2021-12-31,0.011119432747364044,-0.0009938906878232956
2022-01-03,0.019917016848921776,-0.0011281291954219341
2022-01-04,-0.010760169476270676,-0.0009489969816058874
2022-01-05,-0.002575281774625182,-0.0007526332046836615
2022-01-06,0.009692520834505558,-0.00045853410847485065
2022-01-07,0.0010010766563937068,-0.0004126308485865593
2022-01-10,-0.013799226842820644,5.479925312101841e-05
2022-01-11,0.005501451902091503,0.0003366447053849697
2022-01-12,0.007568228989839554,-0.000765110133215785
2022-01-13,0.0013860061299055815,0.0005032734479755163
2022-01-14,0.003044287906959653,-0.0007005233783274889
2022-01-17,-0.002981610130518675,-0.0012547816149890423
2022-01-18,0.018902340903878212,-0.0003718836233019829
2022-01-19,-0.011069877073168755,-0.001604548771865666
2022-01-20,-0.007121768314391375,-5.39685133844614e-05
2022-01-21,0.0004161822434980422,-0.0012912069214507937
2022-01-24,0.011351557448506355,-0.00025403802283108234
2022-01-25,-0.018587350845336914,-0.00037211086601018906
2022-01-26,-0.01623040996491909,-0.0006429317872971296
2022-01-27,-0.025395188480615616,0.0004729481879621744
2022-01-28,0.0006896989070810378,-0.0012204195372760296
2022-01-31,-0.013811551034450531,-0.0009494954720139503
2022-02-01,-0.0045670983381569386,-0.0010724621824920177
2022-02-02,0.008610359393060207,-0.0010349755175411701
2022-02-03,-0.007804900873452425,-0.0011333386646583676
2022-02-04,0.0031916573643684387,-0.0020655819680541754
2022-02-07,-0.003493525320664048,-0.0002294739242643118
2022-02-08,0.008745621889829636,0.0011663641780614853
2022-02-09,0.006263828836381435,0.00015487312339246273
2022-02-10,-0.008439767174422741,-0.00038182782009243965
2022-02-11,-0.001847034553065896,0.0005386790726333857
2022-02-14,0.01342770829796791,-0.0008954699151217937
2022-02-15,0.005233860574662685,-0.0015030517242848873
2022-02-16,-0.017322290688753128,-0.0007499777711927891
2022-02-17,0.00853778887540102,-0.0032816471066325903
2022-02-18,-0.013387031853199005,0.0004415367729961872
2022-02-21,0.01807376928627491,0.0006536217406392097
2022-02-22,0.013180210255086422,-0.0009371330961585045
2022-02-23,0.003929991275072098,0.0001898440532386303
2022-02-24,0.0022587254643440247,-0.0036329003050923347
2022-02-25,-0.002355781150981784,-0.0031414777040481567
2022-02-28,0.00882637593895197,-0.0024011237546801567
2022-03-01,-0.004393588285893202,-0.0008169468492269516
2022-03-02,0.003245679195970297,-0.0004191352054476738
2022-03-03,0.011263118125498295,-0.0017929773312062025
2022-03-04,-0.006800319533795118,-0.0015327176079154015
2022-03-07,-0.007485521025955677,-0.0035479364451020956
2022-03-08,-0.014769813045859337,-0.0024494773242622614
2022-03-09,-0.013133318163454533,-0.003294406458735466
2022-03-10,-0.022757837548851967,-0.0004300749860703945
2022-03-11,0.009472756646573544,-0.0010085217654705048
2022-03-14,0.023067958652973175,-0.0021752191241830587
2022-03-15,0.018235234543681145,-0.0004187808372080326
2022-03-16,-0.02020896039903164,-0.002290246542543173
2022-03-17,0.009410087950527668,-0.0008525354787707329
2022-03-18,0.018194634467363358,-0.0025617224164307117
2022-03-21,-0.005477487109601498,-0.00019629159942269325
2022-03-22,0.001555895316414535,-0.0011662035249173641
2022-03-23,-0.025019297376275063,-0.0014329678378999233
2022-03-24,0.0036383375991135836,-0.0006929142400622368
2022-03-25,-0.013121815398335457,-0.0013437164016067982
2022-03-28,0.0027929425705224276,-0.00036040274426341057
2022-03-29,-0.019391531124711037,-0.0036312497686594725
2022-03-30,0.0071171484887599945,-0.0011541401036083698
2022-03-31,0.01318542379885912,-0.0027827639132738113
2022-04-01,-0.009589361026883125,-0.0020001898519694805
2022-04-04,-0.014046099968254566,-0.0024791336618363857
2022-04-05,-0.026885559782385826,-0.0013750945217907429
2022-04-06,-0.0030787172727286816,-0.0011464869603514671
2022-04-07,-0.007049616891890764,-0.0024328946601599455
2022-04-08,-0.01926323026418686,-0.002010627882555127
2022-04-11,0.005985277704894543,-0.004046144895255566
2022-04-12,-0.005391316022723913,-0.0017643794417381287
2022-04-13,-0.01327522099018097,-0.0015700403600931168
2022-04-14,-0.006709177978336811,-0.0015057404525578022
2022-04-15,0.013774946331977844,-9.714998304843903e-05
2022-04-18,0.007874068804085255,-0.0002979086712002754
2022-04-19,-0.001360396621748805,-0.003651176579296589
2022-04-20,0.008077767677605152,-0.0010828613303601742
2022-04-21,-0.014348338358104229,-0.00241866335272789
2022-04-22,0.0006856027175672352,-0.0010850350372493267
2022-04-25,0.002133864676579833,-0.000718120951205492
2022-04-26,-0.005641605705022812,-0.003414828795939684
2022-04-27,0.005764036905020475,-4.798173904418945e-06
2022-04-28,-0.009554759599268436,-0.0012729340232908726
2022-04-29,0.006700914818793535,-0.002426366088911891
2022-05-02,0.007230544928461313,-0.001891531515866518
2022-05-03,-0.03647498041391373,-0.0018870679195970297
2022-05-04,0.015274220146238804,-0.0014006798155605793
2022-05-05,-0.03811878338456154,-0.002295748796314001
2022-05-06,-0.0074837105348706245,-0.002525610849261284
2022-05-09,0.013195948675274849,-0.003306363010779023
2022-05-10,-0.0037196592893451452,0.0002529607154428959
2022-05-11,-0.018194429576396942,-0.0036665149964392185
2022-05-12,-0.013502013869583607,0.006050110794603825
2022-05-13,0.013215574435889721,-0.0048510003834962845
2022-05-16,-0.023930903524160385,-0.003747152164578438
2022-05-17,0.014501729048788548,-0.0072982171550393105
2022-05-18,-0.00041644342127256095,0.00153483881149441
2022-05-19,-0.014744991436600685,0.0012222417863085866
2022-05-20,-0.0070687816478312016,-0.002516093198210001
2022-05-23,-0.012538044713437557,-0.0015281777596101165
2022-05-24,0.011191189289093018,-0.0036408561281859875
2022-05-25,0.00950550101697445,-0.0035720732994377613
2022-05-26,-0.021381616592407227,-0.004798330366611481
2022-05-27,-0.004807005170732737,-7.320486474782228e-05
2022-05-30,-0.010597338899970055,-0.0009278375073336065
2022-05-31,0.016574472188949585,-0.011168086901307106
2022-06-01,-0.016731873154640198,-0.0041468157432973385
2022-06-02,0.02048916555941105,-0.0011141288559883833
2022-06-03,-0.00014169650967232883,0.0010612440528348088
2022-06-06,-0.014361219480633736,-0.0005728258984163404
2022-06-07,-0.008255074732005596,-0.005599780473858118
2022-06-08,-0.00982167012989521,-0.00497402623295784
2022-06-09,-0.01578090526163578,-0.0030328482389450073
2022-06-10,0.00147248397115618,-0.0009528779773972929
2022-06-13,-0.015192504040896893,-0.006209290120750666
2022-06-14,-0.02719225361943245,-0.010098877362906933
2022-06-15,-0.00450569624081254,-0.0016210329486057162
2022-06-16,-0.022436074912548065,-0.0059934998862445354
2022-06-17,-0.009198558516800404,-0.006252768915146589
2022-06-20,-0.011175842024385929,-0.002237184438854456
2022-06-21,-0.010698513127863407,-0.0003242925740778446
2022-06-22,0.025487544015049934,-0.00498231453821063
2022-06-23,0.0009884967003017664,-0.002143352059647441
2022-06-24,0.0033691618591547012,-0.005210819188505411
2022-06-27,-0.022102737799286842,-0.0005934688961133361
2022-06-28,-0.00796138308942318,-0.008831207640469074
2022-06-29,0.002990335924550891,-0.002789055462926626
2022-06-30,-0.012630073353648186,-0.003123021684587002
2022-07-01,0.011718294583261013,-0.002239194232970476
2022-07-04,-0.01487477496266365,-0.006127906963229179
2022-07-05,-0.0033300963696092367,0.0006287334254011512
2022-07-06,-0.007105778902769089,0.0016326504992321134
2022-07-07,0.0023480234667658806,-0.005299139767885208
2022-07-08,-0.007791638839989901,0.0010680888080969453
2022-07-11,-0.0031351610086858273,-0.0030569350346922874
2022-07-12,-0.0026971816550940275,7.702491711825132e-05
2022-07-13,-0.00897463783621788,0.0007307798368856311
2022-07-14,0.006389386020600796,-0.005318058654665947
2022-07-15,0.0032811888959258795,-0.007779290899634361
2022-07-18,-0.0008386530098505318,0.0014416506746783853
2022-07-19,-0.005145487375557423,0.0024492107331752777
2022-07-20,0.010313289240002632,-0.0005057289963588119
2022-07-21,-0.0026934545021504164,-0.006254382431507111
2022-07-22,-0.0035862447693943977,-0.008386206813156605
2022-07-25,0.0015967481303960085,0.0044318074360489845
2022-07-26,0.021652759984135628,-0.004846349824219942
2022-07-27,-0.01660912297666073,-0.002154197311028838
2022-07-28,0.009977063164114952,-0.0052624838426709175
2022-07-29,-0.02357393689453602,-0.006480224430561066
2022-08-01,0.0030151621904224157,-0.0029677539132535458
2022-08-02,0.02012195624411106,-0.0072603230364620686
2022-08-03,0.006434422452002764,-0.002317998092621565
2022-08-04,0.002427451778203249,-0.00543608283624053
2022-08-05,-0.00678322184830904,-0.00860914122313261
2022-08-08,0.0006689357105642557,-0.0011808500858023763
